countries_and_areas,under5_mortality_1990,under5_mortality_2000,under5_mortality_2018,under5_reduction,under5_mortality_2018_male,under5_mortality_2018_female,infant_mortality_1990,infant_mortality_2018,neonatal_mortality_1990,neonatal_mortality_2000,neonatal_mortality_2018,prob_dying_age5to14_1990,prob_dying_age5to14_2018,under5_deaths_2018,neonatal_deaths_2018,neonatal_deaths_percent_under5,age5to14_deaths_2018,total_pop_2018,under18_pop_2018,under5_pop_2018,pop_growth_rate_2018,pop_growth_rate_2030,births_2018,fertility_2018,life_expectancy_1970,life_expectancy_2000,life_expectancy_2018,dependency_ratio_total,dependency_ratio_child,dependency_ratio_oldage,percent_urban_2018,pop_urban_growth_rate_2018,pop_urban_growth_rate_2030,migration_rate,life_expectancy_female,family_planning_1549,family_planning_1519,adolescent_birth_rate,births_age_18,antenatal_care_1,antenatal_care_4_1549,antenatal_care_4_1519,delivery_care_attendant_1549,delivery_care_attendant_1519,delivery_care_institutional,c_section,postnatal_health_newborns,postnatal_health_mothers,maternal_deaths_2017,maternal_mortality_ratio_2017,risk_maternal_death_2017
Afghanistan,179,129,62,4.1,66,59,121,48,75,61,37,16,5,74,45,60,5,37172,18745,5601,3.2,2.1,1207,4.5,37,56,64,84,79,5,25,4,3.4,-1.7,66,42,21,77,20,59,18,16,51,54,48,3,9,40,7700,638,33
Albania,41,26,9,6,9,8,35,8,13,12,7,7,2,0,0,74,0,2883,635,173,-0.5,-0.3,34,1.6,67,74,78,46,26,20,60,1.6,0.9,-4.9,80,5,5,17,3,88,78,72,100,100,99,31,86,88,5,15,3800
Algeria,50,40,23,2.9,25,22,42,20,23,21,15,9,4,24,15,62,3,42228,14416,4951,1.7,1.5,1023,3,50,71,77,58,47,10,73,2.8,2.1,-0.2,78,77,NA,10,1,93,67,NA,97,NA,97,16,NA,NA,1200,112,270
Andorra,11,6,3,4.4,3,3,9,3,6,3,1,7,1,0,0,50,0,77,NA,NA,0.9,0.1,NA,NA,NA,NA,NA,NA,NA,NA,88,0.6,0.1,NA,NA,NA,NA,3,NA,NA,NA,NA,NA,NA,NA,NA,NA,NA,NA,NA,NA
Angola,223,206,77,5.4,83,71,132,52,54,51,28,46,16,94,36,38,15,30810,16457,5553,3.5,3.1,1257,5.5,41,47,61,96,92,4,66,5,4,0.2,64,30,15,163,38,82,61,56,50,50,46,4,21,23,3000,241,69
Antigua and Barbuda,28,16,6,5,7,6,24,5,15,9,3,5,1,0,0,50,0,96,26,7,1.3,0.7,1,2,66,74,77,45,32,13,25,-0.2,0.8,0,78,NA,NA,67,NA,100,100,NA,100,NA,NA,NA,NA,NA,1,42,1200
Argentina,29,20,10,3.8,11,9,25,9,15,11,6,3,2,8,5,64,2,44361,13103,3748,1,0.8,755,2.3,66,74,77,56,39,17,92,1.2,1,0.1,80,NA,NA,65,12,98,90,85,100,NA,99,29,NA,NA,290,39,1100
Armenia,49,31,12,5.1,14,11,42,11,23,16,6,3,2,1,0,52,0,2952,710,211,-0.2,0,41,1.8,70,71,75,47,30,17,63,-0.3,0.4,-1.7,78,37,NA,24,1,100,96,93,100,100,99,18,98,97,11,26,2000
Australia,9,6,4,2.9,4,3,8,3,5,4,2,2,1,1,1,62,0,24898,5664,1627,1.5,1,318,1.8,71,80,83,53,29,24,86,1.6,1.2,6.4,85,NA,NA,10,NA,98,92,NA,NA,NA,99,31,NA,NA,20,6,8200
Austria,10,6,4,2.5,4,3,8,3,5,3,2,2,1,0,0,60,0,8891,1539,434,0.5,0.3,88,1.5,70,78,81,50,21,28,58,0.4,0.8,7.4,84,NA,NA,7,NA,NA,NA,NA,99,NA,99,24,NA,NA,4,5,13500
Azerbaijan,96,75,22,6.9,24,19,76,19,33,34,11,5,3,4,2,51,0,9950,2708,872,1.1,0.6,167,2.1,63,67,73,42,33,9,56,1.6,1.4,0.1,75,22,13,53,4,92,66,40,100,93,93,20,NA,83,44,26,1700
Bahamas,24,16,10,2.4,11,9,20,8,13,8,5,4,2,0,0,53,0,386,106,26,1.4,0.8,5,1.8,66,72,74,42,32,10,83,1.5,1,2.6,76,NA,NA,32,NA,98,85,NA,98,NA,NA,NA,NA,NA,4,70,820
Bahrain,23,13,7,3.2,7,7,20,6,15,5,3,4,2,0,0,43,0,1569,353,108,4.8,2.1,22,2,63,74,77,28,25,3,89,4.8,2.2,31.1,78,NA,NA,14,NA,100,100,NA,100,NA,98,NA,NA,NA,3,14,3000
Bangladesh,144,87,30,5.9,32,28,100,25,64,42,17,26,4,89,50,57,12,161377,54163,14517,1.3,0.9,2935,2,47,65,72,49,41,8,37,3.7,2.7,-2.3,74,73,68,78,36,64,31,32,42,42,37,23,32,36,5100,173,250
Barbados,18,15,12,1.2,13,11,16,11,12,9,8,3,2,0,0,65,0,287,61,15,0.3,0.1,3,1.6,69,77,79,50,26,24,31,-0.2,0.5,-0.3,80,70,NA,50,7,93,88,NA,99,NA,100,21,98,97,1,27,2400
Belarus,15,13,3,7.3,4,3,12,3,8,6,1,4,1,0,0,38,0,9453,1855,566,-0.2,-0.2,111,1.7,71,67,75,46,25,22,79,0.4,0.3,0.9,79,74,NA,16,3,100,100,95,100,100,100,25,100,100,3,2,23800
Belgium,10,6,4,2.6,4,3,8,3,5,3,2,2,1,0,0,56,0,11482,2336,637,0.6,0.3,125,1.7,71,78,81,56,27,29,98,0.7,0.3,4.2,84,NA,NA,6,NA,NA,NA,NA,NA,NA,NA,18,NA,NA,6,5,11200
Belize,38,24,13,3.3,14,12,31,11,19,12,9,5,3,0,0,67,0,383,140,39,2.4,1.7,8,2.3,66,69,74,54,47,7,46,2.5,2.2,3.2,78,66,47,64,17,97,93,92,97,97,96,34,96,96,3,36,1100
Benin,175,139,93,2.2,99,87,106,61,46,40,31,45,22,38,13,35,7,11485,5631,1842,2.9,2.6,417,4.8,42,55,61,84,78,6,47,4,3.7,-0.2,63,26,13,94,19,83,52,52,78,77,84,5,64,66,1600,397,49
Bhutan,127,78,30,5.3,32,27,89,25,43,32,16,20,7,0,0,56,0,754,237,63,1.4,0.9,13,2,40,61,71,47,38,9,41,4,2.4,0.4,72,85,NA,28,15,98,85,66,75,40,74,12,30,41,24,183,250
Bolivia (Plurinational State of),121,75,27,5.7,29,24,84,22,41,29,14,13,5,7,4,54,1,11353,4209,1192,1.7,1.3,247,2.7,46,62,71,62,50,12,69,2.3,1.8,-0.8,74,50,NA,71,20,96,86,69,85,76,88,33,NA,NA,380,155,220
Bosnia and Herzegovina,18,10,6,2.9,6,5,16,5,11,7,4,3,1,0,0,69,0,3324,593,142,-0.7,-0.5,27,1.3,66,74,77,45,21,24,48,0,0.4,-6.4,80,22,NA,11,NA,87,84,NA,100,NA,100,14,NA,NA,3,10,8200
Botswana,51,87,36,4.8,40,33,39,30,25,26,24,17,6,2,1,67,0,2254,901,272,1.8,1.7,56,2.9,54,51,69,62,55,7,69,3.2,2.6,1.3,72,NA,NA,50,NA,94,73,NA,99,NA,100,NA,NA,NA,81,144,220
Brazil,63,35,14,4.9,16,13,53,13,25,18,8,5,2,42,24,57,7,209469,54592,14654,1,0.6,2915,1.7,59,70,76,43,31,13,87,1.4,0.8,0.1,79,89,NA,59,NA,97,91,NA,99,NA,99,56,NA,NA,1700,60,940
Brunei Darussalam,13,10,12,-0.6,12,11,10,10,6,5,5,4,2,0,0,47,0,429,119,34,1.4,0.8,6,1.8,63,73,76,39,32,7,78,1.9,1.1,0,77,NA,NA,11,NA,99,93,NA,100,NA,100,NA,NA,NA,2,31,1700
Bulgaria,18,18,7,5,8,6,15,6,8,8,4,4,2,0,0,51,0,7052,1212,313,-0.7,-0.8,63,1.6,71,72,75,55,23,33,75,-0.2,-0.4,-0.7,79,NA,NA,38,5,NA,NA,NA,100,NA,94,36,NA,NA,6,10,7000
Burkina Faso,199,179,76,4.7,81,72,99,49,46,41,25,40,20,56,19,33,11,19751,10220,3345,3,2.7,751,5.2,39,50,61,90,85,5,29,5.7,4.7,-1.3,62,56,51,132,28,93,47,32,80,75,82,4,33,74,2400,320,57
Burundi,174,156,58,5.5,63,54,105,41,40,37,22,62,23,25,9,38,8,11175,5789,1984,3.1,2.9,437,5.4,44,49,61,91,87,4,13,5.7,5.4,0.2,63,38,55,58,13,99,49,52,85,91,84,4,8,51,2400,548,33
Cabo Verde,61,36,19,3.3,21,18,47,17,20,17,12,6,2,0,0,59,0,544,186,53,1.3,1,11,2.3,53,69,73,50,43,7,66,2.5,1.6,-2.5,76,73,68,80,22,98,72,NA,92,NA,76,11,NA,NA,6,58,670
Cambodia,116,107,28,7.4,31,25,85,24,40,35,14,35,5,10,5,52,2,16250,5944,1774,1.6,1.2,365,2.5,42,58,70,56,49,7,23,2.9,3,-1.9,72,57,46,57,7,95,76,71,89,91,83,6,79,90,590,160,220
Cameroon,137,149,76,3.8,81,71,85,51,40,35,27,35,32,66,24,36,22,25216,12415,4003,2.7,2.4,893,4.6,47,51,59,83,78,5,56,3.9,3.4,-0.2,60,47,39,119,28,83,59,51,65,66,61,2,69,65,4700,529,40
Canada,8,6,5,1.2,5,5,7,4,4,4,3,2,1,2,1,68,0,37075,7060,1954,1.1,0.8,386,1.5,73,79,82,49,24,26,81,1.2,1,6.6,84,NA,NA,8,NA,100,99,NA,100,NA,98,26,NA,NA,40,10,6100
Central African Republic,180,172,116,2.2,123,110,117,84,52,49,41,32,15,19,7,36,2,4666,2418,727,1.4,2,166,4.7,42,44,53,89,84,5,41,1.9,3.2,-8.6,55,29,NA,229,45,68,38,32,40,46,53,5,NA,NA,1400,829,25
Chad,212,186,119,2.5,125,112,112,71,52,44,34,53,28,75,22,30,13,15478,8375,2815,3.4,2.8,654,5.7,41,48,54,98,94,5,23,3.8,4.2,0.1,55,20,9,179,51,55,31,33,20,27,22,1,5,16,7300,1140,15
Chile,19,11,7,2.3,8,7,16,6,9,5,5,3,1,2,1,67,0,18729,4450,1203,1.1,0.3,231,1.6,62,76,80,46,29,17,88,1.2,0.4,6,82,NA,NA,33,NA,NA,NA,NA,100,NA,100,50,NA,NA,29,13,4600
China,54,37,9,8.1,9,8,42,7,29,21,4,8,2,146,73,50,40,1427648,304793,85912,0.6,0.2,16824,1.7,59,71,77,40,25,15,59,3.3,1.7,-0.2,79,97,NA,9,NA,100,81,NA,100,NA,100,41,63,64,4900,29,2100
Colombia,35,25,14,3.1,16,13,29,12,18,13,8,5,2,10,6,55,2,49661,14032,3730,1.3,0.6,736,1.8,62,73,77,46,34,12,81,1.7,1,4.2,80,87,72,75,20,97,90,86,99,96,99,46,7,1,610,83,630
Comoros,125,102,67,2.3,73,62,88,51,50,41,32,18,9,2,1,48,0,832,382,122,2.4,2,27,4.2,46,59,64,74,69,5,29,2.6,3,-2.4,66,29,20,70,17,92,49,38,82,82,76,10,14,49,72,273,83
Congo,90,114,50,4.6,54,46,59,36,27,31,20,37,7,9,3,41,1,5244,2522,805,2.9,2.4,173,4.4,51,52,64,80,75,5,67,3.6,3.1,-0.8,66,43,28,111,26,94,79,77,94,92,92,5,86,80,650,378,58
Cook Islands,24,18,8,4.6,9,7,20,7,13,10,4,5,2,0,0,50,0,18,NA,NA,-0.1,0,NA,NA,NA,NA,NA,NA,NA,NA,75,0.7,0.3,NA,NA,NA,NA,67,NA,100,NA,NA,100,NA,100,NA,NA,NA,NA,NA,NA
Costa Rica,17,13,9,2.2,10,8,14,8,9,8,6,3,2,1,0,67,0,4999,1287,354,1.3,0.7,70,1.8,66,77,80,45,31,14,79,2.9,1.4,0.8,83,89,NA,53,13,98,90,88,99,98,99,22,NA,NA,19,27,1900
Cote d'Ivoire,155,145,81,3.2,89,73,105,59,49,47,34,31,25,70,30,43,17,25069,12228,3973,2.3,2.5,898,4.6,44,50,57,81,76,5,51,3.2,3.4,-0.3,59,39,NA,123,25,93,51,47,74,76,70,3,83,80,5400,617,34
Croatia,13,8,5,3.2,5,4,11,4,8,6,3,3,1,0,0,55,0,4156,723,189,-0.4,-0.6,37,1.4,68,75,78,54,22,31,57,0,0.1,-1.9,81,NA,NA,10,NA,NA,98,NA,100,NA,NA,24,NA,NA,3,8,9100
Cuba,13,9,5,3,5,4,11,4,7,4,2,4,2,1,0,41,0,11338,2233,608,0.1,-0.1,115,1.6,70,77,79,46,24,22,77,0.2,0,-1.3,81,89,73,52,6,99,98,99,99,97,100,40,98,99,42,36,1800
Cyprus,11,7,2,5.7,3,2,10,2,6,4,1,2,1,0,0,57,0,1189,243,65,1.3,0.6,12,1.3,73,78,81,44,24,20,67,1.1,0.7,4.2,83,NA,NA,4,NA,99,NA,NA,NA,NA,97,NA,NA,NA,1,6,11000
Czechia,12,5,3,2.7,4,3,10,3,7,3,2,2,1,0,0,52,0,10666,1943,545,0.2,0.1,110,1.6,70,75,79,54,24,30,74,0.2,0.3,2.1,82,86,NA,12,NA,NA,NA,NA,100,NA,100,20,NA,NA,4,3,17900
Democratic People's Republic of Korea,43,60,18,6.6,20,16,33,14,22,27,10,8,4,6,3,53,1,25550,6309,1744,0.6,0.4,355,1.9,60,65,72,42,29,13,62,0.8,0.8,-0.2,76,90,NA,1,NA,100,94,NA,100,NA,92,13,99,98,310,89,620
Democratic Republic of the Congo,186,161,88,3.3,95,81,119,68,42,39,28,41,29,296,98,33,70,84068,44282,15185,3.2,3,3468,5.9,44,50,60,97,91,6,44,4.5,4.2,0.3,62,19,12,138,27,88,48,50,80,81,80,5,8,44,16000,473,34
Denmark,9,5,4,1.5,5,4,7,4,4,3,3,2,0,0,0,74,0,5752,1149,293,0.4,0.4,61,1.8,73,77,81,57,26,31,88,0.6,0.5,2.6,83,NA,NA,3,NA,NA,NA,NA,NA,NA,NA,21,NA,NA,2,4,16200
Djibouti,118,101,59,3,64,54,92,50,50,44,32,26,13,1,1,54,0,959,338,101,1.6,1.3,21,2.7,49,57,67,52,45,7,78,1.7,1.5,0.9,69,NA,NA,21,NA,88,23,NA,87,NA,87,11,NA,NA,51,248,140
Dominica,16,15,36,-4.9,38,33,13,33,10,11,28,3,3,0,0,79,0,72,NA,NA,0.2,0.2,NA,NA,NA,NA,NA,NA,NA,NA,70,0.6,0.6,NA,NA,NA,NA,48,NA,100,NA,NA,100,NA,NA,NA,NA,NA,NA,NA,NA
Dominican Republic,60,41,29,1.9,32,26,46,24,24,24,19,8,3,6,4,67,1,10627,3552,1009,1.3,0.9,207,2.3,58,69,74,54,43,11,81,2.8,1.5,-2.8,77,82,67,90,21,98,93,90,98,99,98,58,95,95,200,95,410
Ecuador,54,29,14,4,16,13,42,12,23,14,7,8,3,5,2,51,1,17084,5724,1653,1.7,1.2,336,2.4,58,73,77,54,43,11,64,2,1.6,2.2,80,79,NA,111,NA,84,58,NA,96,NA,93,46,NA,NA,200,59,640
Egypt,86,47,21,4.4,22,20,63,18,33,23,11,11,4,55,29,53,9,98424,38430,12972,2,1.7,2591,3.3,52,69,72,64,55,9,43,2,2.1,-0.4,74,80,64,56,7,90,83,88,92,93,87,52,14,82,960,37,730
El Salvador,60,33,14,4.9,15,12,46,12,23,15,7,7,4,2,1,49,0,6421,2107,578,0.5,0.5,117,2,55,69,73,55,42,13,72,1.6,1.2,-6.3,78,80,70,69,18,96,90,90,98,99,98,32,97,94,54,46,960
Equatorial Guinea,179,157,85,3.4,91,79,121,63,48,45,30,38,18,4,1,36,1,1309,556,191,4.3,3,44,4.5,40,53,58,65,61,4,72,6.4,3.6,12.4,60,21,20,176,42,91,67,NA,68,NA,67,7,NA,NA,130,301,67
Eritrea,153,86,42,4,47,36,94,31,35,27,18,45,9,4,2,44,1,3453,1659,483,2.3,1.7,105,4.1,43,55,66,86,78,8,40,4.6,3.2,-11.6,68,21,6,76,19,89,57,NA,34,NA,34,3,NA,5,510,480,46
Estonia,18,11,3,7.9,3,2,14,2,10,5,1,5,1,0,0,47,0,1323,253,68,-0.3,-0.3,14,1.6,70,70,79,56,26,31,69,-0.4,0,3,83,NA,NA,11,NA,NA,97,NA,100,NA,99,NA,NA,NA,1,9,6900
Eswatini,71,126,54,4.7,59,49,54,43,21,23,17,11,13,2,1,32,0,1136,510,143,0.7,1.1,30,3,48,47,59,73,66,7,24,0.9,2,-7.4,64,83,NA,87,17,99,76,68,88,89,88,12,90,88,130,437,72
Ethiopia,202,142,55,5.2,61,49,120,39,59,49,28,78,12,191,99,52,34,109224,52244,16339,2.8,2.4,3537,4.2,43,52,66,79,73,6,21,4.7,4.5,0.3,68,62,NA,80,21,62,32,30,28,39,26,2,0,17,14000,401,55
Fiji,29,23,26,-0.7,28,23,24,22,12,9,11,10,5,0,0,42,0,883,305,91,0.5,0.7,19,2.8,62,66,67,54,45,8,56,1.4,1.6,-7,69,NA,NA,40,NA,100,94,NA,100,NA,99,NA,NA,NA,6,34,1000
Finland,7,4,2,5.1,2,2,6,1,4,2,1,2,1,0,0,55,0,5523,1068,279,0.3,0.1,51,1.5,70,78,82,61,26,35,85,0.6,0.2,2.5,85,NA,NA,6,NA,100,NA,NA,NA,NA,100,16,NA,NA,2,3,20900
France,9,5,4,1.6,4,4,7,3,4,3,3,2,1,3,2,62,1,64991,14005,3734,0.5,0.2,729,1.9,72,79,83,61,29,32,80,0.9,0.5,0.6,85,96,NA,5,NA,100,99,NA,NA,NA,98,21,NA,NA,56,8,7200
Gabon,93,85,45,3.5,49,40,60,33,31,29,21,19,14,3,1,48,1,2119,898,311,3,2.2,67,4,47,58,66,68,62,6,89,3.7,2.5,1.6,68,44,23,91,28,95,78,76,89,91,90,10,25,60,170,252,93
Gambia,167,115,58,3.8,63,54,82,39,49,40,26,36,13,5,2,46,1,2280,1159,393,3,2.7,88,5.2,38,56,62,88,83,5,61,4.4,3.7,-1.4,63,27,11,86,19,86,78,74,57,64,63,2,6,76,520,597,31
Georgia,48,37,10,7.3,11,9,41,9,25,23,6,7,2,1,0,59,0,4003,922,279,-0.5,-0.3,54,2.1,67,70,74,53,30,23,59,0.1,0.4,-2.5,78,53,NA,44,6,98,88,NA,100,NA,100,41,NA,NA,14,25,1900
Germany,9,5,4,2.1,4,3,7,3,3,3,2,2,1,3,2,60,1,83124,13774,3869,0.1,0,779,1.6,71,78,81,54,21,33,77,0.3,0.2,6.6,84,NA,NA,9,NA,100,99,NA,NA,NA,99,29,NA,NA,53,7,9400
Ghana,127,99,48,4.1,52,43,80,35,42,36,24,27,12,41,21,51,9,29767,13045,4104,2.4,2,876,3.9,49,57,64,69,63,5,56,3.8,3,-0.3,65,46,NA,75,17,91,87,81,71,76,73,13,23,81,2700,308,82
Greece,10,6,4,2,5,4,9,4,6,4,3,2,1,0,0,56,0,10522,1796,427,-0.3,-0.5,81,1.3,71,79,82,56,22,34,79,0.2,-0.1,-1.5,85,NA,NA,9,NA,NA,NA,NA,NA,NA,NA,NA,NA,NA,2,3,26900
Grenada,22,16,15,0.1,17,14,18,14,12,7,10,3,5,0,0,64,0,111,31,9,0.4,0.3,2,2.1,66,73,72,50,35,14,36,0.5,0.9,-1.8,75,NA,NA,36,NA,100,NA,NA,99,NA,NA,NA,NA,NA,0,25,1700
Guatemala,80,52,26,3.8,29,23,59,22,28,21,12,12,4,11,5,47,2,17248,7106,2049,2.2,1.7,424,2.9,53,68,74,65,57,8,51,2.8,2.6,-0.5,77,66,50,92,20,91,86,85,66,70,65,26,8,78,400,95,330
Guinea,236,166,101,2.8,105,96,139,65,62,47,31,49,21,44,14,32,8,12414,6331,2020,2.3,2.6,453,4.7,37,51,61,88,82,5,36,3.2,3.8,-0.3,62,22,14,120,37,81,35,48,55,60,53,3,64,49,2600,576,35
Guinea-Bissau,223,175,81,4.2,88,75,132,54,64,55,37,40,16,5,2,46,1,1874,915,298,2.5,2.3,66,4.5,41,50,58,82,77,5,43,3.5,3.2,-0.8,60,56,20,106,28,92,65,65,45,55,44,4,55,48,440,667,32
Guyana,60,47,30,2.4,34,26,47,25,31,27,18,6,5,0,0,60,0,779,266,76,0.2,0.4,16,2.5,62,65,70,53,43,10,27,-0.2,1,-7.7,73,52,17,74,16,91,87,86,86,94,93,17,95,93,26,169,220
Haiti,144,103,65,2.6,70,59,100,49,39,30,26,31,12,17,7,40,3,11123,4385,1269,1.5,1.1,271,2.9,46,57,64,62,54,8,55,4,2.5,-3.2,66,43,31,55,14,91,67,55,42,37,39,5,38,31,1300,480,67
Honduras,58,37,18,4.1,19,16,45,15,22,18,10,9,5,4,2,55,1,9588,3670,1003,2.1,1.5,207,2.5,53,71,75,57,50,7,57,3.4,2.5,-0.7,77,76,67,103,22,97,89,87,83,87,83,19,81,85,130,65,560
Hungary,17,10,4,4.8,5,4,15,4,11,6,2,3,1,0,0,53,0,9708,1690,448,-0.3,-0.3,92,1.5,69,72,77,51,22,29,71,0.3,0.1,0.6,80,NA,NA,25,NA,NA,NA,NA,99,NA,NA,31,NA,NA,11,12,6200
Iceland,6,4,2,4,2,2,5,2,3,2,1,2,1,0,0,50,0,337,79,21,1,0.6,4,1.8,74,80,83,53,30,23,94,1.1,0.6,1.1,84,NA,NA,7,NA,NA,NA,NA,NA,NA,NA,17,NA,NA,0,4,14400
India,126,92,37,5.1,36,37,89,30,57,45,23,21,6,882,549,62,143,1352642,441501,116379,1.4,0.9,24164,2.2,48,63,69,50,41,9,34,2.5,2.3,-0.4,71,67,27,11,9,79,51,53,81,86,79,17,27,65,35000,145,290
Indonesia,84,52,25,4.1,28,22,62,21,31,23,13,15,6,121,62,51,28,267671,85121,24350,1.3,0.9,4834,2.3,53,66,72,48,39,9,55,2.8,2,-0.4,74,78,72,48,7,98,77,65,94,87,74,17,79,87,8600,177,240
Iran (Islamic Republic of),56,34,14,4.8,15,14,44,12,26,19,9,8,3,22,14,62,3,81800,23295,7442,1.2,1,1536,2.1,51,70,76,44,35,9,75,2.1,1.6,-0.7,78,69,NA,36,5,97,94,NA,96,NA,95,46,NA,NA,250,16,2600
Iraq,54,44,27,2.8,29,24,42,22,26,24,15,9,7,29,17,58,7,38434,17211,5404,2.7,2.2,1115,3.7,58,69,70,72,66,6,70,2.9,2.6,0.2,72,55,NA,82,14,88,68,76,96,97,87,33,78,83,870,79,320
Ireland,9,7,4,3.7,4,3,8,3,5,4,2,2,1,0,0,61,0,4819,1212,329,1.3,0.7,62,1.8,71,77,82,54,33,21,63,1.7,1.2,4.9,84,NA,NA,7,NA,100,NA,NA,100,NA,100,25,NA,NA,3,5,11300
Israel,12,7,4,3.4,4,3,10,3,6,4,2,2,1,1,0,52,0,8382,2733,846,1.9,1.5,170,3,72,79,83,66,46,20,92,2,1.6,1.2,84,NA,NA,9,NA,NA,NA,NA,NA,NA,NA,NA,NA,NA,5,3,10800
Italy,10,6,3,3.4,3,3,8,3,6,3,2,2,1,1,1,64,0,60627,9797,2442,0.4,-0.2,457,1.3,72,80,83,56,21,36,70,0.6,0.2,2.5,85,NA,NA,5,NA,99,68,NA,NA,NA,100,40,NA,NA,7,2,51300
Jamaica,30,22,14,2.4,16,13,25,12,20,17,10,5,3,1,0,71,0,2935,845,236,0.6,0.3,47,2,68,74,74,48,35,13,56,1,1,-3.9,76,79,NA,46,15,98,86,85,99,97,99,21,NA,NA,38,80,600
Japan,6,5,2,3.3,3,2,5,2,3,2,1,2,1,2,1,33,1,127202,19591,5051,0,-0.4,947,1.4,72,81,84,67,21,46,92,0.8,-0.3,0.6,88,NA,NA,4,NA,NA,NA,NA,NA,NA,100,NA,NA,NA,44,5,16700
Jordan,36,27,16,2.9,18,15,30,14,20,16,9,5,3,3,2,59,1,9965,4031,1116,3.7,0.6,216,2.8,60,72,74,62,55,6,91,4.5,0.8,1.1,76,57,31,27,5,98,92,93,100,100,98,26,86,83,100,46,730
Kazakhstan,52,43,10,8.1,11,9,44,9,22,21,6,6,3,4,2,56,1,18320,5847,1964,1.1,1,384,2.7,63,63,73,56,44,12,57,1.3,1.4,-1,77,79,NA,25,2,99,95,98,99,99,99,15,99,98,37,10,3500
Kenya,107,106,41,5.3,45,37,68,31,28,28,20,18,10,60,29,48,14,51393,23965,6993,2.6,2.1,1479,3.5,53,51,66,73,69,4,27,4.3,3.9,-0.2,69,76,68,96,23,94,58,49,62,65,61,9,36,53,5000,342,76
Kiribati,95,71,53,1.7,57,48,69,41,36,29,23,16,9,0,0,44,0,116,47,15,1.8,1.5,3,3.6,52,63,68,65,59,7,54,3,2.7,-6.9,72,36,0,49,9,88,71,NA,98,NA,66,10,NA,NA,3,92,290
Kuwait,18,12,8,2.5,9,7,15,7,10,7,4,5,2,0,0,56,0,4137,1022,302,3.9,1.1,57,2.1,66,73,75,32,28,3,100,4,1.1,9.8,76,NA,NA,6,NA,100,NA,NA,99,NA,99,NA,NA,NA,7,12,4200
Kyrgyzstan,65,49,19,5.3,21,17,54,17,24,20,13,6,3,3,2,69,0,6304,2335,788,1.4,1.4,155,3,60,66,71,58,51,7,36,1.5,2.4,-0.6,75,66,41,34,4,98,95,93,98,98,98,7,99,98,95,60,480
Lao People's Democratic Republic,153,107,47,4.5,52,42,105,38,47,38,23,44,9,8,4,48,1,7061,2726,788,1.6,1.3,166,2.7,46,59,68,58,51,6,35,4.2,3,-2.1,69,72,48,83,18,78,62,52,64,56,65,6,47,47,310,185,180
Latvia,17,14,4,7.2,4,4,13,3,8,7,2,6,1,0,0,51,0,1928,360,107,-1.2,-1,21,1.7,70,70,75,56,25,31,68,-1.2,-0.7,-7.6,80,NA,NA,15,NA,92,NA,NA,100,NA,98,NA,NA,NA,4,19,3100
Lebanon,32,20,7,5.5,8,7,27,6,20,12,4,8,2,1,1,59,0,6859,2149,617,3.2,-0.8,117,2.1,66,75,79,49,39,10,89,3.4,-0.7,-4.5,81,NA,NA,17,NA,96,NA,NA,98,NA,100,NA,NA,NA,34,29,1600
Lesotho,90,118,81,2.1,88,74,72,66,39,40,35,17,9,5,2,43,0,2108,822,252,0.2,0.8,56,3.1,51,48,54,60,52,8,28,2.2,2.4,-4.8,57,79,55,94,14,95,74,70,78,85,77,10,18,62,310,544,58
Liberia,262,187,71,5.4,76,65,175,53,59,45,24,33,17,11,4,35,2,4819,2305,721,2.9,2.3,160,4.3,39,52,64,80,74,6,51,3.7,3.3,-1,65,41,22,150,37,96,78,78,61,67,56,4,35,77,1000,661,32
Libya,42,28,12,4.8,13,11,35,10,21,15,6,8,6,2,1,52,1,6679,2223,642,1.2,1.1,126,2.2,56,71,73,49,42,7,80,1.5,1.4,-0.3,76,24,NA,11,NA,93,NA,NA,NA,NA,100,NA,NA,NA,92,72,590
Lithuania,15,11,4,5.4,4,4,12,3,8,5,2,4,1,0,0,50,0,2801,495,149,-1.2,-1,29,1.7,71,71,76,53,23,30,68,-1.2,-0.6,-11.6,81,NA,NA,13,NA,100,NA,NA,100,NA,NA,NA,NA,NA,2,8,7500
Luxembourg,9,5,2,3.8,3,2,7,2,4,2,1,2,0,0,0,60,0,604,116,33,1.8,1.1,6,1.4,70,78,82,43,23,20,91,2.2,1.3,16.3,84,NA,NA,5,NA,NA,97,NA,100,NA,100,29,NA,NA,0,5,14300
Madagascar,159,107,54,3.9,58,49,97,38,39,31,21,41,12,45,18,39,8,26262,12455,3934,2.8,2.5,860,4.1,45,58,67,77,72,5,37,4.6,4.2,-0.1,68,61,NA,152,36,82,51,47,44,40,38,2,NA,NA,2800,335,66
Malawi,239,173,50,6.9,54,45,139,35,50,40,22,40,14,30,14,46,7,18143,9228,2835,2.7,2.6,621,4.2,40,45,64,87,82,5,17,3.5,4.4,-0.9,67,74,62,138,31,98,51,46,90,92,91,6,60,42,2100,349,60
Malaysia,17,10,8,1.5,8,7,14,7,8,5,4,5,3,4,2,55,1,31528,9191,2606,1.7,1.1,528,2,65,73,76,44,35,10,76,2.8,1.7,1.6,78,NA,NA,10,NA,97,NA,NA,99,NA,99,NA,NA,NA,150,29,1600
Maldives,86,39,9,8.4,9,8,63,7,39,22,5,12,2,0,0,55,0,516,120,37,3.4,0.1,7,1.9,44,70,79,31,26,5,40,5.4,1.1,22.8,80,43,18,10,1,99,82,87,100,100,95,40,82,80,4,53,840
Mali,230,188,98,3.6,103,92,120,62,67,51,33,44,26,75,26,34,15,19078,10368,3460,3.1,2.9,795,5.9,32,48,59,100,95,5,42,5.3,4.5,-2.1,60,35,21,174,33,80,43,38,67,42,67,2,63,58,4400,562,29
Malta,11,8,7,0.4,8,6,10,6,8,5,5,2,1,0,0,67,0,439,75,22,0.6,0.2,4,1.5,71,79,82,53,22,31,95,0.7,0.2,2.1,84,NA,NA,13,NA,100,NA,NA,NA,NA,100,NA,NA,NA,0,6,10200
Marshall Islands,49,41,33,1.1,37,29,39,27,20,18,15,9,6,0,0,46,0,58,NA,NA,0.8,0.9,NA,NA,NA,NA,NA,NA,NA,NA,77,1.4,1.3,NA,NA,81,40,85,21,81,77,NA,90,NA,85,9,NA,NA,NA,NA,NA
Mauritania,117,114,76,2.3,81,70,71,52,46,43,33,21,8,11,5,45,1,4403,2040,669,2.9,2.5,148,4.6,50,61,65,76,71,6,54,4.8,3.8,1.2,66,30,NA,84,22,87,63,56,69,67,69,5,58,57,1100,766,28
Mauritius,23,19,16,1,17,14,20,14,15,12,9,4,2,0,0,59,0,1267,283,66,0.4,0,13,1.4,63,71,75,41,25,16,41,0.1,0.3,0,78,41,NA,24,NA,NA,NA,NA,100,NA,98,NA,NA,NA,8,61,1200
Mexico,45,26,13,4,14,11,36,11,22,13,8,5,2,28,17,59,6,126191,40251,11139,1.4,0.9,2220,2.1,61,74,75,51,40,11,80,1.7,1.3,-0.5,78,80,64,71,21,99,94,93,98,98,97,41,95,95,740,33,1300
Micronesia (Federated States of),55,54,31,3.1,34,27,43,26,26,25,16,10,6,0,0,53,0,113,43,12,0.3,1,3,3.1,59,65,68,56,49,6,23,0.4,1.8,-5.4,69,NA,NA,44,NA,80,NA,NA,100,NA,87,11,NA,NA,2,88,370
Monaco,8,5,3,2.6,4,3,6,3,4,3,2,2,1,0,0,50,0,39,NA,NA,1,0.6,NA,NA,NA,NA,NA,NA,NA,NA,100,1,0.6,NA,NA,NA,NA,NA,NA,NA,NA,NA,NA,NA,NA,NA,NA,NA,NA,NA,NA
Mongolia,108,64,16,7.6,19,13,77,14,30,24,9,10,4,1,1,53,0,3170,1092,380,1.6,1.3,76,2.9,55,63,70,53,46,6,68,2.6,1.6,-0.3,74,65,42,30,3,99,90,81,100,97,98,23,99,95,35,45,710
Montenegro,17,14,3,9.5,3,2,15,2,11,9,2,2,1,0,0,63,0,628,138,37,0.1,0,7,1.7,70,73,77,50,27,22,67,0.9,0.4,-0.8,79,43,NA,10,3,92,87,NA,99,NA,99,20,99,95,0,6,9900
Morocco,79,49,22,4.4,25,20,62,19,36,27,14,10,3,15,9,61,2,36029,11581,3433,1.2,1.1,682,2.4,53,69,76,52,41,11,62,2.1,1.8,-1.4,78,69,NA,32,8,89,54,30,87,70,86,21,NA,NA,480,70,560
Mozambique,241,171,73,4.7,78,68,161,54,60,46,28,60,17,79,31,39,14,29496,15238,4944,2.8,2.8,1110,4.9,41,49,60,91,85,6,36,4,4.2,-0.2,63,56,34,194,40,87,52,55,65,68,55,4,28,NA,3100,289,67
Myanmar,115,89,46,3.6,51,42,82,37,48,37,23,31,5,43,22,50,5,53708,17238,4518,0.8,0.7,943,2.2,49,60,67,47,39,9,31,1.5,1.8,-3.1,70,75,73,36,5,81,59,47,60,61,37,17,36,71,2400,250,190
Namibia,74,77,40,3.7,43,36,50,29,28,23,16,16,12,3,1,40,1,2448,1049,332,1.7,1.7,70,3.4,53,52,63,68,62,6,50,4.1,3.3,-2,66,80,47,64,15,97,63,58,88,88,87,14,20,69,140,195,140
Nauru,60,42,32,1.5,35,29,46,26,29,25,20,11,6,0,0,60,0,11,NA,NA,0.2,0.2,NA,NA,NA,NA,NA,NA,NA,NA,100,0.2,0.2,NA,NA,43,NA,94,22,95,40,NA,97,NA,99,8,NA,NA,NA,NA,NA
Nepal,140,81,32,5.1,34,30,97,27,58,40,20,29,6,18,11,62,3,28096,10483,2719,0.9,1.4,563,1.9,41,62,70,57,48,9,20,3,3.5,1.5,72,56,25,88,16,84,69,72,58,69,57,9,58,57,1100,186,230
Netherlands,8,6,4,2.6,4,3,7,3,5,4,2,2,1,1,0,55,0,17060,3362,873,0.4,0.2,172,1.7,74,78,82,55,25,30,91,1.4,0.5,0.9,84,NA,NA,3,NA,NA,NA,NA,NA,NA,NA,14,NA,NA,9,5,11900
New Zealand,11,7,6,1.4,6,5,9,5,4,3,3,3,1,0,0,61,0,4743,1112,301,1.1,0.7,60,1.9,71,78,82,55,30,24,87,1.2,0.8,3.2,84,NA,NA,15,NA,NA,NA,NA,NA,NA,97,23,NA,NA,5,9,6100
Nicaragua,66,37,18,3.8,20,16,51,16,23,16,9,8,4,2,1,51,1,6466,2316,664,1.4,1.1,133,2.4,54,70,74,55,47,8,59,1.7,1.6,-3.3,78,93,87,92,28,95,88,NA,88,NA,71,30,NA,NA,130,98,380
Niger,329,226,84,5.5,87,80,133,48,54,43,25,68,37,83,26,32,26,22443,12732,4503,3.8,3.7,1037,6.9,36,50,62,111,105,5,16,3.9,4.7,0.2,63,46,28,146,48,83,38,32,40,36,59,1,13,37,5100,509,27
Nigeria,211,185,120,2.4,127,113,125,76,50,48,36,41,20,866,267,31,110,195875,98709,32917,2.6,2.5,7433,5.4,41,46,54,87,82,5,50,4.7,3.8,-0.3,55,43,15,120,31,67,57,47,43,32,39,3,12,42,67000,917,21
Niue,13,24,24,0,26,21,12,20,7,13,12,4,5,0,0,0,0,2,NA,NA,-0.9,0.3,NA,NA,NA,NA,NA,NA,NA,NA,45,0.8,1.6,NA,NA,NA,NA,20,NA,100,NA,NA,100,NA,NA,NA,NA,NA,NA,NA,NA
North Macedonia,36,16,10,2.6,11,9,33,9,17,9,7,3,1,0,0,74,0,2083,418,116,0.1,-0.1,23,1.5,66,73,76,43,24,20,58,0.1,0.5,-0.5,78,22,NA,16,2,99,94,NA,100,NA,100,25,NA,NA,2,7,9000
Norway,9,5,3,3.6,3,2,7,2,4,3,1,2,1,0,0,59,0,5338,1127,301,0.9,0.8,59,1.7,74,79,82,53,27,26,82,1.4,1.2,5.3,84,NA,NA,4,NA,NA,NA,NA,NA,NA,99,16,NA,NA,1,2,25700
Oman,39,16,11,2,12,10,32,10,17,7,5,6,2,1,0,45,0,4829,1205,440,4.2,1.7,91,2.9,50,72,78,33,29,3,85,5.1,2.4,18.6,80,40,NA,14,2,99,94,NA,99,NA,99,19,98,95,17,19,1600
Pakistan,139,112,69,2.7,74,65,106,57,65,60,42,14,10,409,251,62,46,212228,87938,27291,2.2,1.8,5999,3.5,53,63,67,66,58,7,37,2.8,2.7,-1.1,68,49,23,46,7,86,51,44,69,70,66,22,64,62,8300,140,180
Palau,35,29,18,2.6,20,16,30,17,19,15,9,7,4,0,0,50,0,18,NA,NA,-0.4,0.3,NA,NA,NA,NA,NA,NA,NA,NA,80,0.4,0.8,NA,NA,NA,NA,27,NA,90,81,NA,100,NA,100,NA,NA,NA,NA,NA,NA
Panama,31,26,15,2.9,17,14,26,13,17,15,8,8,3,1,1,56,0,4177,1342,389,1.8,1.4,79,2.5,66,75,78,54,42,13,68,2.3,1.9,2.7,82,73,37,79,NA,93,88,84,94,89,91,28,93,92,41,52,750
Papua New Guinea,87,72,48,2.3,52,44,64,38,31,29,22,15,9,11,5,47,2,8606,3629,1084,2.1,1.8,233,3.6,46,59,64,65,59,6,13,2.1,3,-0.1,66,41,NA,65,14,76,49,NA,53,NA,55,NA,NA,46,340,145,190
Paraguay,45,34,20,2.9,22,18,36,17,22,18,11,7,3,3,2,53,0,6956,2446,693,1.5,1.1,143,2.4,65,71,74,56,46,10,62,2.1,1.7,-2.4,76,79,83,72,NA,99,94,92,96,97,93,46,8,94,180,129,290
Peru,81,39,14,5.5,16,13,57,11,28,16,7,11,3,8,4,52,2,31989,9782,2757,1.1,1,573,2.3,54,71,77,51,39,12,78,1.4,1.3,3.1,79,67,65,44,16,97,96,93,92,90,91,32,96,61,500,88,480
Philippines,57,38,28,1.6,31,25,40,22,19,17,14,14,5,63,30,47,12,106651,39276,11035,1.7,1.2,2191,2.6,63,69,71,56,48,8,47,1.8,1.9,-0.6,75,53,47,47,11,94,87,80,84,86,78,13,86,86,2700,121,300
Poland,17,9,4,4.1,5,4,15,4,11,6,3,3,1,2,1,61,0,37922,6745,1843,-0.1,-0.2,371,1.4,70,74,79,48,22,26,60,-0.2,0,-0.8,82,NA,NA,12,NA,NA,NA,NA,100,NA,100,21,NA,NA,8,2,30300
Portugal,15,7,4,3.6,4,3,12,3,7,3,2,4,1,0,0,54,0,10256,1699,413,0,-0.3,80,1.3,67,77,82,55,21,34,65,1,0.5,-0.6,85,NA,NA,8,NA,100,NA,NA,100,NA,99,31,NA,NA,6,8,10700
Qatar,21,12,7,3.3,7,6,18,6,11,7,4,4,1,0,0,53,0,2782,440,134,8.6,1.5,26,1.9,68,77,80,18,16,2,99,8.8,1.5,14.7,82,69,NA,10,NA,91,85,NA,100,NA,99,20,NA,NA,2,9,5000
Republic of Korea,15,7,3,4.7,3,3,13,3,7,3,1,5,1,1,1,46,0,51172,8182,2060,0.4,0,377,1.1,61,76,83,38,18,20,81,0.6,0.1,0.2,86,NA,NA,1,NA,NA,97,NA,NA,NA,100,32,NA,NA,43,11,8300
Republic of Moldova,33,31,16,3.8,18,14,28,14,19,21,12,5,2,1,0,74,0,4052,765,210,-0.2,-0.3,41,1.3,65,67,72,38,22,16,43,-0.5,0.2,-0.3,76,60,NA,24,4,99,95,NA,100,NA,99,16,NA,NA,8,19,3900
Romania,31,22,7,6.1,8,7,24,6,15,10,3,5,2,1,1,46,0,19506,3626,930,-0.7,-0.5,189,1.6,68,70,76,51,23,28,54,-0.6,-0.1,-3.8,79,47,NA,37,NA,76,76,NA,95,NA,95,34,NA,NA,36,19,3600
Russian Federation,22,19,7,5.5,8,6,18,6,11,10,3,5,2,13,6,44,4,145734,30223,9497,0,-0.1,1842,1.8,69,65,72,48,27,22,74,0.1,0.2,1.3,78,72,NA,24,NA,NA,NA,NA,100,NA,99,13,NA,NA,320,17,3100
Rwanda,154,183,35,9.1,38,32,94,27,40,41,16,72,10,13,6,46,3,12302,5710,1801,2.4,2.3,391,4,45,49,69,75,70,5,17,3.2,3.4,-0.7,71,63,84,41,6,98,44,39,91,94,91,13,19,43,960,248,94
Saint Kitts and Nevis,31,23,12,3.7,13,11,25,10,19,15,8,5,2,0,0,63,0,52,NA,NA,1,0.5,NA,NA,NA,NA,NA,NA,NA,NA,31,0.6,1,NA,NA,NA,NA,46,NA,100,NA,NA,100,NA,NA,NA,NA,NA,NA,NA,NA
Saint Lucia,22,18,17,0.4,18,15,19,15,12,11,12,4,2,0,0,75,0,182,42,11,0.8,0.3,2,1.4,64,73,76,40,26,14,19,-1.4,1,0,77,72,NA,43,NA,97,90,NA,99,NA,100,19,100,90,3,117,580
Saint Vincent and the Grenadines,24,23,16,1.8,18,15,20,15,13,13,10,4,5,0,0,58,0,110,30,8,0.1,0.2,2,1.9,64,71,72,47,33,14,52,0.9,1,-1.8,75,NA,NA,64,NA,100,100,NA,99,NA,NA,NA,NA,NA,1,68,750
Samoa,30,21,16,1.6,17,14,25,14,16,11,8,6,4,0,0,53,0,196,87,28,0.7,1,5,3.9,60,69,73,76,67,8,18,-0.4,0.5,-14.3,75,39,11,39,6,93,73,NA,83,NA,82,5,NA,63,2,43,590
San Marino,13,6,2,6.3,2,2,12,2,7,3,1,2,1,0,0,?,0,34,NA,NA,1.2,0.2,NA,NA,NA,NA,NA,NA,NA,NA,97,1.4,0.3,NA,NA,NA,NA,0,NA,NA,NA,NA,NA,NA,NA,NA,NA,NA,NA,NA,NA
Sao Tome and Principe,108,85,31,5.5,34,28,69,24,26,23,14,20,8,0,0,45,0,211,104,31,2.2,2,7,4.3,55,61,70,83,78,5,73,3.9,2.8,-8,73,52,38,92,27,98,84,81,93,94,91,6,91,87,9,130,170
Saudi Arabia,45,22,7,6.4,7,7,36,6,22,12,4,7,2,4,2,53,1,33703,9799,3007,2.7,1.3,598,2.3,53,73,75,40,35,5,84,3,1.5,4.1,77,NA,NA,7,NA,97,NA,NA,98,NA,NA,NA,NA,NA,100,17,2300
Senegal,139,131,44,6.1,48,39,71,32,40,38,21,37,13,23,11,48,6,15854,7853,2557,2.7,2.6,548,4.6,39,58,68,86,80,6,47,3.5,3.6,-1.3,70,51,25,78,16,97,57,53,68,69,78,5,78,77,1700,315,65
Serbia,28,13,6,4.6,6,5,24,5,17,8,3,3,1,0,0,61,0,8803,1691,422,-0.4,-0.5,83,1.5,68,72,76,52,24,28,56,-0.1,-0.1,0.5,78,39,NA,15,1,98,94,95,98,98,98,29,NA,NA,10,12,5800
Seychelles,17,14,14,-0.3,16,13,14,12,11,9,9,4,3,0,0,61,0,97,27,8,1,0.5,2,2.4,66,71,73,45,34,11,57,1.7,1.2,-2.1,77,NA,NA,66,NA,NA,NA,NA,99,NA,NA,NA,NA,NA,1,53,790
Sierra Leone,263,234,105,4.4,111,99,156,78,53,51,33,53,21,26,8,32,4,7650,3655,1134,2.8,1.9,256,4.3,36,39,54,79,73,5,42,3.8,3,-0.6,55,45,32,101,30,97,78,77,82,82,77,3,92,90,2900,1120,20
Singapore,8,4,3,1.8,3,3,6,2,4,2,1,2,1,0,0,38,0,5758,872,236,2,0.7,50,1.2,68,78,83,31,16,15,100,2,0.7,4.7,86,NA,NA,3,NA,NA,NA,NA,NA,NA,100,NA,NA,NA,4,8,9900
Slovakia,15,10,6,3.1,6,5,13,5,9,5,3,3,1,0,0,49,0,5453,1000,282,0.1,-0.1,57,1.5,70,73,77,45,22,23,54,-0.2,0.2,0.3,81,NA,NA,26,NA,97,NA,NA,99,NA,NA,24,NA,NA,3,5,12600
Slovenia,10,6,2,5.2,2,2,9,2,6,3,1,2,1,0,0,55,0,2078,366,104,0.2,-0.1,20,1.6,69,76,81,53,23,30,55,0.6,0.5,1,84,NA,NA,4,NA,100,NA,NA,100,NA,100,NA,NA,NA,1,7,9300
Solomon Islands,39,30,20,2.3,22,18,31,17,15,13,8,8,4,0,0,42,0,653,304,101,2.5,2.3,21,4.4,56,67,73,78,72,6,24,4.8,4,-2.5,75,38,13,78,15,89,69,NA,86,NA,85,6,16,69,22,104,200
Somalia,179,172,122,1.9,127,115,108,77,45,44,38,38,24,73,24,32,11,15008,8056,2673,2.9,2.9,629,6.1,41,51,57,98,92,6,45,4.6,4.1,-2.7,59,NA,NA,123,NA,26,6,NA,9,NA,9,NA,NA,NA,5100,829,20
South Africa,59,74,34,4.3,37,31,46,28,20,17,11,8,6,40,13,32,6,57793,19702,5796,1.4,1.1,1184,2.4,53,56,64,52,44,8,66,2.2,1.8,2.5,67,78,NA,71,15,94,76,77,97,97,96,26,NA,84,1400,119,330
South Sudan,254,183,99,3.4,103,93,150,64,65,57,40,52,20,38,15,41,6,10976,5316,1702,3.2,1.9,387,4.7,36,49,58,83,76,6,20,4.1,3.7,-15.9,59,6,NA,158,28,62,17,21,19,25,12,1,NA,NA,4500,1150,18
Spain,9,5,3,3.2,3,3,7,3,5,3,2,2,1,1,1,56,0,46693,8162,2025,0.7,-0.1,394,1.3,72,79,83,52,22,29,80,1,0.2,0.9,86,NA,NA,8,NA,NA,NA,NA,NA,NA,NA,26,NA,NA,14,4,21500
Sri Lanka,22,17,7,4.4,8,7,19,6,13,10,4,6,2,3,2,60,1,21229,6132,1690,0.7,0.3,336,2.2,64,71,77,53,37,16,18,0.7,1.4,-4.6,80,74,58,21,4,99,93,NA,100,NA,100,32,NA,99,120,36,1300
State of Palestine,44,30,20,2.2,22,18,36,17,22,16,11,6,3,3,2,54,0,4863,2202,690,2.3,2.2,143,3.6,56,71,74,73,67,5,76,2.6,2.6,-2.2,76,65,35,48,22,99,96,96,100,100,99,20,94,91,39,27,880
Sudan,132,104,60,3,65,55,82,42,43,37,29,29,8,80,38,48,9,41802,19758,6158,2.4,2.3,1347,4.4,52,58,65,79,72,6,35,2.7,3.5,-1.2,67,30,19,87,22,79,51,49,78,77,28,9,28,27,3900,295,75
Suriname,48,34,19,3.3,21,17,41,17,23,18,10,7,3,0,0,53,0,576,187,53,1.1,0.8,11,2.4,63,68,72,52,41,10,66,1.1,1,-1.7,75,73,NA,60,NA,91,67,68,90,93,92,19,NA,NA,13,120,330
Sweden,7,4,3,2.3,3,2,6,2,4,2,2,1,1,0,0,56,0,9972,2067,591,0.6,0.5,119,1.9,74,80,83,60,28,32,87,0.9,0.8,4,84,NA,NA,4,NA,100,NA,NA,NA,NA,NA,NA,NA,NA,5,4,12600
Switzerland,8,6,4,1.7,4,4,7,4,4,3,3,2,1,0,0,72,0,8526,1523,444,1,0.6,88,1.5,73,80,84,50,22,28,74,1,0.8,6.1,85,NA,NA,3,NA,NA,NA,NA,NA,NA,NA,30,NA,NA,4,5,13900
Syrian Arab Republic,37,23,17,1.9,17,15,30,14,17,12,9,9,12,7,4,51,4,16945,6273,1797,0.2,3.8,426,2.8,59,73,72,56,49,7,54,0.4,4.9,-24.1,78,53,31,54,9,88,64,NA,96,NA,78,26,NA,NA,130,31,1000
Tajikistan,102,84,35,4.9,39,31,81,30,31,28,15,12,5,10,4,44,1,9101,3829,1329,2.1,2,280,3.6,54,62,71,66,61,5,27,2.2,3,-2.2,73,45,18,54,1,92,64,67,95,96,88,5,90,92,46,17,1400
Thailand,37,22,9,4.9,10,8,30,8,20,12,5,9,5,7,4,55,4,69428,14537,3692,0.5,0.1,718,1.5,59,71,77,41,24,17,50,3.1,1.4,0.3,81,89,83,43,9,98,91,89,99,99,99,33,NA,NA,270,37,1900
Timor-Leste,174,108,46,4.8,50,42,131,39,55,37,20,27,8,2,1,45,0,1268,571,169,2,1.8,37,4,40,59,69,73,65,7,31,3.3,3,-4.3,71,37,22,42,7,84,77,74,56,58,49,4,31,35,52,142,170
Togo,145,120,70,3,75,64,90,47,43,36,25,37,21,18,6,36,4,7889,3781,1189,2.6,2.3,262,4.3,47,53,61,79,74,5,42,3.9,3.6,-0.3,62,37,15,89,8,52,57,52,45,58,73,7,35,71,1000,396,56
Tonga,22,18,16,0.6,14,17,19,13,10,8,7,5,3,0,0,40,0,103,43,12,0.3,0.9,3,3.6,64,70,71,71,60,10,23,0.3,1.2,-7.7,73,48,NA,30,2,99,70,NA,96,NA,98,17,NA,NA,1,52,540
Trinidad and Tobago,30,29,18,2.5,20,17,27,16,20,18,12,4,2,0,0,63,0,1390,337,92,0.5,0.1,18,1.7,65,69,73,45,30,16,53,0.2,0.4,-0.6,76,58,61,38,NA,95,100,NA,100,NA,98,22,NA,92,12,67,840
Tunisia,55,30,17,3.2,18,15,43,15,29,20,11,7,3,3,2,67,1,11565,3266,1036,1,0.8,203,2.2,51,73,77,48,36,12,69,1.4,1.3,-0.3,79,73,NA,7,1,98,85,NA,74,NA,99,27,98,92,90,43,970
Turkey,74,38,11,7.1,11,10,55,9,33,19,5,9,2,14,7,52,3,82340,24377,6749,1.5,0.7,1313,2.1,52,70,77,50,37,13,75,2.3,1.2,3.5,80,60,30,23,6,97,89,57,97,98,97,48,72,88,220,17,2800
Turkmenistan,85,81,46,3.2,52,40,68,39,28,30,21,7,4,6,3,46,0,5851,2092,696,1.4,1.2,139,2.8,58,64,68,54,48,7,52,2.1,2.2,-0.9,72,76,11,28,1,100,96,98,100,100,100,6,100,100,10,7,4400
Tuvalu,53,41,24,2.9,27,22,42,21,28,25,16,10,5,0,0,71,0,12,NA,NA,1.1,1.1,NA,NA,NA,NA,NA,NA,NA,NA,62,2.8,2.1,NA,NA,41,NA,28,3,97,67,NA,93,NA,93,7,NA,NA,NA,NA,NA
Uganda,185,148,46,6.4,51,42,109,34,39,32,20,32,15,74,32,44,19,42729,23085,7538,3.3,2.8,1627,5,49,46,63,96,92,4,24,5.9,5,4,65,54,NA,132,28,97,60,59,74,80,73,5,11,54,6000,375,49
Ukraine,19,18,9,4.1,10,8,17,7,12,11,5,4,2,4,2,58,1,44246,8152,2250,-0.5,-0.7,421,1.4,71,67,72,48,23,24,69,-0.4,-0.4,0.2,77,68,NA,23,4,99,87,87,99,99,99,12,99,96,83,19,3700
United Arab Emirates,17,11,8,2.2,8,7,14,6,8,6,4,5,2,1,0,53,0,9631,1637,503,6.2,0.8,100,1.4,61,74,78,19,17,1,87,6.7,1.1,4.2,79,NA,NA,5,NA,100,NA,NA,100,NA,100,NA,NA,NA,3,3,17900
United Kingdom,9,7,4,2.4,5,4,8,4,4,4,3,2,1,3,2,60,1,67142,14042,3977,0.7,0.4,775,1.8,72,78,81,56,28,29,83,1.1,0.7,3.9,83,NA,NA,14,NA,NA,NA,NA,NA,NA,NA,26,NA,NA,52,7,8400
United Republic of Tanzania,166,130,53,5,57,49,101,38,40,34,21,30,13,107,44,41,20,56313,28558,9316,2.9,2.8,2071,4.9,47,51,65,88,83,5,34,5.2,4.7,-0.7,67,54,35,139,22,98,62,48,64,70,63,6,42,34,11000,524,36
United States,11,8,7,1.4,7,6,9,6,6,5,4,2,1,25,14,54,6,327096,73857,19512,0.8,0.6,3912,1.8,71,77,79,53,29,24,82,1.1,0.8,2.9,81,77,NA,19,NA,NA,97,NA,99,NA,NA,31,NA,NA,720,19,3000
Uruguay,23,17,8,4.5,8,7,20,6,12,8,5,3,2,0,0,60,0,3449,860,239,0.2,0.3,48,2,69,75,78,55,32,23,95,0.4,0.4,-0.9,81,NA,NA,36,NA,97,77,44,100,100,100,30,NA,NA,8,17,2900
Uzbekistan,72,63,21,6,24,18,60,19,31,29,12,6,3,15,8,54,2,32476,10824,3407,1.5,1.2,696,2.4,62,67,72,49,43,7,50,2,1.4,-0.3,74,NA,NA,30,2,99,NA,NA,100,NA,100,14,NA,NA,200,29,1200
Vanuatu,36,29,26,0.5,28,24,29,22,17,13,12,7,5,0,0,44,0,293,131,40,2.5,2.2,9,3.8,54,67,70,74,68,6,25,3.4,2.9,0.4,72,51,NA,78,13,76,52,NA,89,NA,89,12,NA,NA,6,72,330
Venezuela (Bolivarian Republic of),30,22,25,-0.7,26,23,25,21,13,11,15,4,3,13,8,61,2,28887,9527,2545,1,1.3,524,2.3,65,72,72,54,43,11,88,1,1.3,-22.3,76,NA,NA,95,24,98,84,NA,100,NA,99,52,NA,NA,670,125,330
Viet Nam,51,30,21,2,24,17,37,16,24,15,11,12,3,33,17,51,4,95546,26017,7831,1,0.7,1598,2,60,73,75,44,33,10,36,3.1,2.5,-0.8,79,70,60,30,5,96,74,55,94,87,94,28,89,90,700,43,1100
Yemen,126,95,55,3,59,51,88,43,43,37,27,20,8,47,23,50,6,28499,13183,4084,2.7,2,868,3.8,37,61,66,74,69,5,37,4.6,3.6,-1.1,68,38,22,67,17,60,25,30,45,52,30,5,11,20,1400,164,150
Zambia,186,162,58,5.7,63,53,111,40,37,35,23,30,12,36,15,42,6,17352,9033,2869,2.8,2.8,629,4.6,50,44,64,89,85,4,44,4.1,4.1,-0.5,66,62,57,141,31,96,56,52,63,73,67,4,16,63,1300,213,93
Zimbabwe,80,105,46,4.5,51,42,52,34,24,23,21,14,13,21,9,45,5,14439,7082,2196,1.1,1.6,443,3.6,57,45,61,83,78,5,32,0.8,2.2,-8.2,63,85,77,78,22,93,76,73,78,81,77,6,73,57,2100,458,55