year,management.habitat,plant.habitat,replicate.plot,adults.per.trap.per.wk,avg.wkly.Tmax,avg.wkly.Tmin,avg.wkly.prec.accum,avg.wkly.rain.days
2004,Alfalfa,alfalfa,1,0.733333333,31.93666667,9.3,19.21086667,2.333333333
2004,Alfalfa,alfalfa,2,1.133333333,31.93666667,9.3,19.21086667,2.333333333
2004,Alfalfa,alfalfa,3,2.533333333,31.93666667,9.3,19.21086667,2.333333333
2004,Alfalfa,alfalfa,4,0.866666667,31.93666667,9.3,19.21086667,2.333333333
2004,Alfalfa,alfalfa,5,1.066666667,31.93666667,9.3,19.21086667,2.333333333
2004,Alfalfa,alfalfa,6,0.533333333,31.93666667,9.3,19.21086667,2.333333333
2005,Alfalfa,alfalfa,1,1.36,34.398,11.332,4.84378,1.8
2005,Alfalfa,alfalfa,2,1.28,34.398,11.332,4.84378,1.8
2005,Alfalfa,alfalfa,3,3.44,34.398,11.332,4.84378,1.8
2005,Alfalfa,alfalfa,4,1.12,34.398,11.332,4.84378,1.8
2005,Alfalfa,alfalfa,5,3,34.398,11.332,4.84378,1.8
2005,Alfalfa,alfalfa,6,1.92,34.398,11.332,4.84378,1.8
2006,Alfalfa,alfalfa,1,0.775,31.90125,11.5225,14.224,1.625
2006,Alfalfa,alfalfa,2,0.85,31.90125,11.5225,14.224,1.625
2006,Alfalfa,alfalfa,3,1.40625,31.90125,11.5225,14.224,1.625
2006,Alfalfa,alfalfa,4,0.475,31.90125,11.5225,14.224,1.625
2006,Alfalfa,alfalfa,5,1.225,31.90125,11.5225,14.224,1.625
2006,Alfalfa,alfalfa,6,0.375,31.90125,11.5225,14.224,1.625
2009,Alfalfa,alfalfa,1,0.775,29.93125,10.4225,22.66875,1.875
2009,Alfalfa,alfalfa,2,0.8,29.93125,10.4225,22.66875,1.875
2009,Alfalfa,alfalfa,3,2,29.93125,10.4225,22.66875,1.875
2009,Alfalfa,alfalfa,4,0.35,29.93125,10.4225,22.66875,1.875
2009,Alfalfa,alfalfa,5,4.5,29.93125,10.4225,22.66875,1.875
2009,Alfalfa,alfalfa,6,0.225,29.93125,10.4225,22.66875,1.875
2010,Alfalfa,alfalfa,1,2.25,31.23375,10.20625,24.76375,1.625
2010,Alfalfa,alfalfa,2,1.1,31.23375,10.20625,24.76375,1.625
2010,Alfalfa,alfalfa,3,2.3,31.23375,10.20625,24.76375,1.625
2010,Alfalfa,alfalfa,4,1.2,31.23375,10.20625,24.76375,1.625
2010,Alfalfa,alfalfa,5,3.04375,31.23375,10.20625,24.76375,1.625
2010,Alfalfa,alfalfa,6,0.95,31.23375,10.20625,24.76375,1.625
2011,Alfalfa,alfalfa,1,3.325,32.34,13.7725,33.42625,2.625
2011,Alfalfa,alfalfa,2,2.1,32.34,13.7725,33.42625,2.625
2011,Alfalfa,alfalfa,3,2.5,32.34,13.7725,33.42625,2.625
2011,Alfalfa,alfalfa,4,2,32.34,13.7725,33.42625,2.625
2011,Alfalfa,alfalfa,5,1.975,32.34,13.7725,33.42625,2.625
2011,Alfalfa,alfalfa,6,1.5,32.34,13.7725,33.42625,2.625
2012,Alfalfa,alfalfa,1,0.707692308,32.73384615,9.771538462,10.65923077,2.230769231
2012,Alfalfa,alfalfa,2,0.383333333,33.3925,10.3125,9.3975,2
2012,Alfalfa,alfalfa,3,0.933333333,33.3925,10.3125,9.3975,2
2012,Alfalfa,alfalfa,4,0.383333333,33.3925,10.3125,9.3975,2
2012,Alfalfa,alfalfa,5,0.683333333,33.3925,10.3125,9.3975,2
2012,Alfalfa,alfalfa,6,0.566666667,33.3925,10.3125,9.3975,2
2013,Alfalfa,alfalfa,1,0.828571429,29.3,10.05642857,26.45071429,2.285714286
2013,Alfalfa,alfalfa,2,0.471428571,29.3,10.05642857,26.45071429,2.285714286
2013,Alfalfa,alfalfa,3,0.714285714,29.3,10.05642857,26.45071429,2.285714286
2013,Alfalfa,alfalfa,4,0.528571429,29.3,10.05642857,26.45071429,2.285714286
2013,Alfalfa,alfalfa,5,0.428571429,29.3,10.05642857,26.45071429,2.285714286
2013,Alfalfa,alfalfa,6,0.471428571,29.3,10.05642857,26.45071429,2.285714286
2014,Alfalfa,alfalfa,1,0.35,28.8125,9.97625,30.6075,2.625
2014,Alfalfa,alfalfa,2,0.225,28.8125,9.97625,30.6075,2.625
2014,Alfalfa,alfalfa,3,0.125,28.8125,9.97625,30.6075,2.625
2014,Alfalfa,alfalfa,4,0.2,28.8125,9.97625,30.6075,2.625
2014,Alfalfa,alfalfa,5,0.425,28.8125,9.97625,30.6075,2.625
2014,Alfalfa,alfalfa,6,0.125,28.8125,9.97625,30.6075,2.625
2015,Alfalfa,alfalfa,1,1.2,28.99416667,11.90916667,37.41666667,2.25
2015,Alfalfa,alfalfa,2,1.1,28.99416667,11.90916667,37.41666667,2.25
2015,Alfalfa,alfalfa,3,1.716666667,28.99416667,11.90916667,37.41666667,2.25
2015,Alfalfa,alfalfa,4,1.25,28.99416667,11.90916667,37.41666667,2.25
2015,Alfalfa,alfalfa,5,1.05,28.99416667,11.90916667,37.41666667,2.25
2015,Alfalfa,alfalfa,6,1.616666667,28.99416667,11.90916667,37.41666667,2.25
2004,Coniferous,CF,1,1.111111111,30.29666667,9.24,13.60875556,1.888888889
2004,Coniferous,CF,2,1.155555556,30.29666667,9.24,13.60875556,1.888888889
2004,Coniferous,CF,3,1.511111111,30.29666667,9.24,13.60875556,1.888888889
2005,Coniferous,CF,1,0.34,33.989,12.303,23.75408,2.1
2005,Coniferous,CF,2,0.6,33.989,12.303,23.75408,2.1
2005,Coniferous,CF,3,0.9,33.989,12.303,23.75408,2.1
2006,Coniferous,CF,1,0.218181818,31.94454545,10.93090909,15.20536364,1.636363636
2006,Coniferous,CF,2,0.490909091,31.94454545,10.93090909,15.20536364,1.636363636
2006,Coniferous,CF,3,0.672727273,31.94454545,10.93090909,15.20536364,1.636363636
2007,Coniferous,CF,1,0.383333333,32.27,9.719166667,12.81641667,1.416666667
2007,Coniferous,CF,2,0.583333333,32.27,9.719166667,12.81641667,1.416666667
2007,Coniferous,CF,3,0.25,32.27,9.719166667,12.81641667,1.416666667
2008,Coniferous,CF,1,0.1,30.674,10.21,29.3505,2.5
2008,Coniferous,CF,2,0.22,30.674,10.21,29.3505,2.5
2008,Coniferous,CF,3,0.82,30.674,10.21,29.3505,2.5
2009,Coniferous,CF,1,0.109090909,29.68363636,10.98090909,24.82181818,1.727272727
2009,Coniferous,CF,2,0.709090909,29.68363636,10.98090909,24.82181818,1.727272727
2009,Coniferous,CF,3,0.345454545,29.68363636,10.98090909,24.82181818,1.727272727
2010,Coniferous,CF,1,0.338461538,31.44153846,12.25230769,27.99769231,1.846153846
2010,Coniferous,CF,2,0.246153846,31.44153846,12.25230769,27.99769231,1.846153846
2010,Coniferous,CF,3,1.015384615,31.44153846,12.25230769,27.99769231,1.846153846
2011,Coniferous,CF,1,0.775,32.34,13.7725,33.42625,2.625
2011,Coniferous,CF,2,1,32.34,13.7725,33.42625,2.625
2011,Coniferous,CF,3,0.375,32.34,13.7725,33.42625,2.625
2012,Coniferous,CF,1,0.093333333,32.806,9.956,11.89733333,2.2
2012,Coniferous,CF,2,0.133333333,32.806,9.956,11.89733333,2.2
2012,Coniferous,CF,3,0.28,32.806,9.956,11.89733333,2.2
2013,Coniferous,CF,1,0.2625,29.405625,9.9425,25.955,2.1875
2013,Coniferous,CF,2,0.15,29.405625,9.9425,25.955,2.1875
2013,Coniferous,CF,3,0.125,29.405625,9.9425,25.955,2.1875
2014,Coniferous,CF,1,0.033333333,29.06916667,10.34,28.44833333,2.833333333
2014,Coniferous,CF,2,0.033333333,29.06916667,10.34,28.44833333,2.833333333
2014,Coniferous,CF,3,0,29.06916667,10.34,28.44833333,2.833333333
2015,Coniferous,CF,1,0.166666667,28.99416667,11.90916667,37.41666667,2.25
2015,Coniferous,CF,2,0.133333333,28.99416667,11.90916667,37.41666667,2.25
2015,Coniferous,CF,3,0.566666667,28.99416667,11.90916667,37.41666667,2.25
2004,Deciduous,DF,1,0.644444444,30.29666667,9.24,13.60875556,1.888888889
2004,Deciduous,DF,2,0.794444444,30.29666667,9.24,13.60875556,1.888888889
2004,Deciduous,DF,3,0.844444444,30.29666667,9.24,13.60875556,1.888888889
2005,Deciduous,DF,1,0.36,33.989,12.303,23.75408,2.1
2005,Deciduous,DF,2,0.6,33.989,12.303,23.75408,2.1
2005,Deciduous,DF,3,0.46,33.989,12.303,23.75408,2.1
2006,Deciduous,DF,1,0.309090909,31.94454545,10.93090909,15.20536364,1.636363636
2006,Deciduous,DF,2,0.509090909,31.94454545,10.93090909,15.20536364,1.636363636
2006,Deciduous,DF,3,0.254545455,31.94454545,10.93090909,15.20536364,1.636363636
2007,Deciduous,DF,1,0.366666667,32.27,9.719166667,12.81641667,1.416666667
2007,Deciduous,DF,2,0.433333333,32.27,9.719166667,12.81641667,1.416666667
2007,Deciduous,DF,3,0.4,32.27,9.719166667,12.81641667,1.416666667
2008,Deciduous,DF,1,0.38,30.674,10.21,29.3505,2.5
2008,Deciduous,DF,2,0.56,30.674,10.21,29.3505,2.5
2008,Deciduous,DF,3,0.44,30.674,10.21,29.3505,2.5
2009,Deciduous,DF,1,0.036363636,29.68363636,10.98090909,24.82181818,1.727272727
2009,Deciduous,DF,2,0.2,29.68363636,10.98090909,24.82181818,1.727272727
2009,Deciduous,DF,3,0.127272727,29.68363636,10.98090909,24.82181818,1.727272727
2010,Deciduous,DF,1,0.323076923,31.44153846,12.25230769,27.99769231,1.846153846
2010,Deciduous,DF,2,0.692307692,31.44153846,12.25230769,27.99769231,1.846153846
2010,Deciduous,DF,3,0.384615385,31.44153846,12.25230769,27.99769231,1.846153846
2011,Deciduous,DF,1,0.975,32.34,13.7725,33.42625,2.625
2011,Deciduous,DF,2,3,32.34,13.7725,33.42625,2.625
2011,Deciduous,DF,3,1.375,32.34,13.7725,33.42625,2.625
2012,Deciduous,DF,1,0.12,32.806,9.956,11.89733333,2.2
2012,Deciduous,DF,2,0.773333333,32.806,9.956,11.89733333,2.2
2012,Deciduous,DF,3,0.266666667,32.806,9.956,11.89733333,2.2
2013,Deciduous,DF,1,0.375,29.405625,9.9425,25.955,2.1875
2013,Deciduous,DF,2,0.9375,29.405625,9.9425,25.955,2.1875
2013,Deciduous,DF,3,0.35,29.405625,9.9425,25.955,2.1875
2014,Deciduous,DF,1,0.05,29.06916667,10.34,28.44833333,2.833333333
2014,Deciduous,DF,2,0.016666667,29.06916667,10.34,28.44833333,2.833333333
2014,Deciduous,DF,3,0.033333333,29.06916667,10.34,28.44833333,2.833333333
2015,Deciduous,DF,1,0.1,28.99416667,11.90916667,37.41666667,2.25
2015,Deciduous,DF,2,0.466666667,28.99416667,11.90916667,37.41666667,2.25
2015,Deciduous,DF,3,0.2,28.99416667,11.90916667,37.41666667,2.25
2004,Early successional,ES,1,0.377777778,30.29666667,9.24,13.60875556,1.888888889
2004,Early successional,ES,2,0.666666667,30.29666667,9.24,13.60875556,1.888888889
2004,Early successional,ES,3,0.722222222,30.29666667,9.24,13.60875556,1.888888889
2004,Early successional,ES,4,0.555555556,30.29666667,9.24,13.60875556,1.888888889
2004,Early successional,ES,5,0.65,30.29666667,9.24,13.60875556,1.888888889
2004,Early successional,ES,6,0.55,30.29666667,9.24,13.60875556,1.888888889
2005,Early successional,ES,1,0.8,34.04777778,12.29222222,26.16764444,2.222222222
2005,Early successional,ES,2,1.1,34.01625,11.6125,23.5331,2.25
2005,Early successional,ES,3,0.911111111,34.04777778,12.29222222,26.16764444,2.222222222
2005,Early successional,ES,4,0.638888889,34.04777778,12.29222222,26.16764444,2.222222222
2005,Early successional,ES,5,1.866666667,34.04777778,12.29222222,26.16764444,2.222222222
2005,Early successional,ES,6,0.85,34.01625,11.6125,23.5331,2.25
2006,Early successional,ES,1,0.146666667,32.278,11.315,15.5194,1.7
2006,Early successional,ES,2,0.24,32.278,11.315,15.5194,1.7
2006,Early successional,ES,3,0.36,32.278,11.315,15.5194,1.7
2006,Early successional,ES,4,0.42,32.278,11.315,15.5194,1.7
2006,Early successional,ES,5,0.715,32.278,11.315,15.5194,1.7
2006,Early successional,ES,6,0.8,32.278,11.315,15.5194,1.7
2007,Early successional,ES,1,0.116666667,32.27,9.719166667,12.81641667,1.416666667
2007,Early successional,ES,2,0.283333333,32.27,9.719166667,12.81641667,1.416666667
2007,Early successional,ES,3,0.183333333,32.27,9.719166667,12.81641667,1.416666667
2007,Early successional,ES,4,0.216666667,32.27,9.719166667,12.81641667,1.416666667
2007,Early successional,ES,5,0.222222222,32.27,9.719166667,12.81641667,1.416666667
2007,Early successional,ES,6,0.066666667,32.27,9.719166667,12.81641667,1.416666667
2008,Early successional,ES,1,0.036363636,30.50454545,10.33363636,26.705,2.363636364
2008,Early successional,ES,2,0.072727273,30.50454545,10.33363636,26.705,2.363636364
2008,Early successional,ES,3,0.109090909,30.50454545,10.33363636,26.705,2.363636364
2008,Early successional,ES,4,0.036363636,30.50454545,10.33363636,26.705,2.363636364
2008,Early successional,ES,5,0.054545455,30.50454545,10.33363636,26.705,2.363636364
2008,Early successional,ES,6,0.072727273,30.50454545,10.33363636,26.705,2.363636364
2009,Early successional,ES,1,0.066666667,29.96,10.73166667,22.965,1.75
2009,Early successional,ES,2,0.15,29.96,10.73166667,22.965,1.75
2009,Early successional,ES,3,0.266666667,29.96,10.73166667,22.965,1.75
2009,Early successional,ES,4,0.383333333,29.96,10.73166667,22.965,1.75
2009,Early successional,ES,5,0.133333333,29.96,10.73166667,22.965,1.75
2009,Early successional,ES,6,0.283333333,29.96,10.73166667,22.965,1.75
2010,Early successional,ES,1,0.2,31.44153846,12.25230769,27.99769231,1.846153846
2010,Early successional,ES,2,0.861538462,31.44153846,12.25230769,27.99769231,1.846153846
2010,Early successional,ES,3,0.830769231,31.44153846,12.25230769,27.99769231,1.846153846
2010,Early successional,ES,4,0.538461538,31.44153846,12.25230769,27.99769231,1.846153846
2010,Early successional,ES,5,0.615384615,31.44153846,12.25230769,27.99769231,1.846153846
2010,Early successional,ES,6,0.723076923,31.44153846,12.25230769,27.99769231,1.846153846
2011,Early successional,ES,1,1.025,32.34,13.7725,33.42625,2.625
2011,Early successional,ES,2,1.1,32.34,13.7725,33.42625,2.625
2011,Early successional,ES,3,1,32.34,13.7725,33.42625,2.625
2011,Early successional,ES,4,0.8,32.34,13.7725,33.42625,2.625
2011,Early successional,ES,5,1.45,32.34,13.7725,33.42625,2.625
2011,Early successional,ES,6,1.925,32.34,13.7725,33.42625,2.625
2012,Early successional,ES,1,0.226666667,32.806,9.956,11.89733333,2.2
2012,Early successional,ES,2,0.093333333,32.806,9.956,11.89733333,2.2
2012,Early successional,ES,3,0.36,32.806,9.956,11.89733333,2.2
2012,Early successional,ES,4,0.186666667,32.806,9.956,11.89733333,2.2
2012,Early successional,ES,5,0.186666667,32.806,9.956,11.89733333,2.2
2012,Early successional,ES,6,0.24,32.806,9.956,11.89733333,2.2
2013,Early successional,ES,1,0.3125,29.405625,9.9425,25.955,2.1875
2013,Early successional,ES,2,0.1125,29.405625,9.9425,25.955,2.1875
2013,Early successional,ES,3,0.25,29.405625,9.9425,25.955,2.1875
2013,Early successional,ES,4,0.0875,29.405625,9.9425,25.955,2.1875
2013,Early successional,ES,5,0.1625,29.405625,9.9425,25.955,2.1875
2013,Early successional,ES,6,0.1125,29.405625,9.9425,25.955,2.1875
2014,Early successional,ES,1,0.2,29.19615385,10.20153846,28.25307692,2.923076923
2014,Early successional,ES,2,0.153846154,29.19615385,10.20153846,28.25307692,2.923076923
2014,Early successional,ES,3,0.184615385,29.19615385,10.20153846,28.25307692,2.923076923
2014,Early successional,ES,4,0.092307692,29.19615385,10.20153846,28.25307692,2.923076923
2014,Early successional,ES,5,0.230769231,29.19615385,10.20153846,28.25307692,2.923076923
2014,Early successional,ES,6,0.153846154,29.19615385,10.20153846,28.25307692,2.923076923
2015,Early successional,ES,1,1.033333333,28.99416667,11.90916667,37.41666667,2.25
2015,Early successional,ES,2,1.116666667,28.99416667,11.90916667,37.41666667,2.25
2015,Early successional,ES,3,0.716666667,28.99416667,11.90916667,37.41666667,2.25
2015,Early successional,ES,4,0.616666667,28.99416667,11.90916667,37.41666667,2.25
2015,Early successional,ES,5,0.666666667,28.99416667,11.90916667,37.41666667,2.25
2015,Early successional,ES,6,1.516666667,28.99416667,11.90916667,37.41666667,2.25
2005,Conventional,maize,1,0.028571429,33.56285714,13.50714286,31.23292857,2.285714286
2005,Conventional,maize,2,0.133333333,33.44,12.80333333,28.56441667,2.333333333
2005,Conventional,maize,3,0.085714286,33.56285714,13.50714286,31.23292857,2.285714286
2005,Conventional,maize,4,0.057142857,33.56285714,13.50714286,31.23292857,2.285714286
2005,Conventional,maize,5,0.085714286,33.56285714,13.50714286,31.23292857,2.285714286
2005,Conventional,maize,6,0.1,33.44,12.80333333,28.56441667,2.333333333
2008,Conventional,maize,1,0.018181818,30.50454545,10.33363636,26.705,2.363636364
2008,Conventional,maize,2,0,30.50454545,10.33363636,26.705,2.363636364
2008,Conventional,maize,3,0,30.50454545,10.33363636,26.705,2.363636364
2008,Conventional,maize,4,0,30.50454545,10.33363636,26.705,2.363636364
2008,Conventional,maize,5,0,30.50454545,10.33363636,26.705,2.363636364
2008,Conventional,maize,6,0,30.50454545,10.33363636,26.705,2.363636364
2011,Conventional,maize,1,1.225,32.34,13.7725,33.42625,2.625
2011,Conventional,maize,2,0.875,32.34,13.7725,33.42625,2.625
2011,Conventional,maize,3,1,32.34,13.7725,33.42625,2.625
2011,Conventional,maize,4,0.7,32.34,13.7725,33.42625,2.625
2011,Conventional,maize,5,0.45,32.34,13.7725,33.42625,2.625
2011,Conventional,maize,6,0.25,32.34,13.7725,33.42625,2.625
2014,Conventional,maize,1,0.244444444,29.05166667,10.15166667,28.49083333,2.916666667
2014,Conventional,maize,2,0.166666667,29.05166667,10.15166667,28.49083333,2.916666667
2014,Conventional,maize,3,0.1,29.05166667,10.15166667,28.49083333,2.916666667
2014,Conventional,maize,4,0.166666667,29.05166667,10.15166667,28.49083333,2.916666667
2014,Conventional,maize,5,0.1,29.05166667,10.15166667,28.49083333,2.916666667
2014,Conventional,maize,6,0.116666667,29.05166667,10.15166667,28.49083333,2.916666667
2005,No till,maize,1,1.85,32.505,13.14,21.86305,2
2005,No till,maize,2,0.96,32.864,14.058,26.93924,2
2005,No till,maize,3,1.12,32.864,14.058,26.93924,2
2005,No till,maize,4,0.68,32.864,14.058,26.93924,2
2005,No till,maize,5,1.44,32.864,14.058,26.93924,2
2005,No till,maize,6,0.95,32.505,13.14,21.86305,2
2008,No till,maize,1,0,30.50454545,10.33363636,26.705,2.363636364
2008,No till,maize,2,0.018181818,30.50454545,10.33363636,26.705,2.363636364
2008,No till,maize,3,0.018181818,30.50454545,10.33363636,26.705,2.363636364
2008,No till,maize,4,0,30.50454545,10.33363636,26.705,2.363636364
2008,No till,maize,5,0.090909091,30.50454545,10.33363636,26.705,2.363636364
2008,No till,maize,6,0.036363636,30.50454545,10.33363636,26.705,2.363636364
2011,No till,maize,1,1.6,32.34,13.7725,33.42625,2.625
2011,No till,maize,2,0.875,32.34,13.7725,33.42625,2.625
2011,No till,maize,3,0.75,32.34,13.7725,33.42625,2.625
2011,No till,maize,4,1.45,32.34,13.7725,33.42625,2.625
2011,No till,maize,5,1.375,32.34,13.7725,33.42625,2.625
2011,No till,maize,6,1.75,32.34,13.7725,33.42625,2.625
2014,No till,maize,1,0.083333333,29.05166667,10.15166667,28.49083333,2.916666667
2014,No till,maize,2,0.116666667,29.05166667,10.15166667,28.49083333,2.916666667
2014,No till,maize,3,0.133333333,29.05166667,10.15166667,28.49083333,2.916666667
2014,No till,maize,4,0.15,29.05166667,10.15166667,28.49083333,2.916666667
2014,No till,maize,5,0.1,29.05166667,10.15166667,28.49083333,2.916666667
2014,No till,maize,6,0.183333333,29.05166667,10.15166667,28.49083333,2.916666667
2005,Organic,maize,1,1.12,34.128,12.856,11.36904,1.8
2005,Organic,maize,2,0.8,34.128,12.856,11.36904,1.8
2005,Organic,maize,3,1.56,34.128,12.856,11.36904,1.8
2005,Organic,maize,4,0.64,34.128,12.856,11.36904,1.8
2005,Organic,maize,5,1.28,34.128,12.856,11.36904,1.8
2005,Organic,maize,6,0.68,34.128,12.856,11.36904,1.8
2008,Organic,maize,1,0,29.81,10.415,6.308333333,1.5
2008,Organic,maize,2,0,29.81,10.415,6.308333333,1.5
2008,Organic,maize,3,0,29.81,10.415,6.308333333,1.5
2008,Organic,maize,4,0,29.81,10.415,6.308333333,1.5
2008,Organic,maize,5,0,29.81,10.415,6.308333333,1.5
2008,Organic,maize,6,0.033333333,29.81,10.415,6.308333333,1.5
2011,Organic,maize,1,0,32.34,13.7725,33.42625,2.625
2011,Organic,maize,2,0,32.34,13.7725,33.42625,2.625
2011,Organic,maize,3,0.025,32.34,13.7725,33.42625,2.625
2011,Organic,maize,4,0.05,32.34,13.7725,33.42625,2.625
2011,Organic,maize,5,0,32.34,13.7725,33.42625,2.625
2011,Organic,maize,6,0,32.34,13.7725,33.42625,2.625
2014,Organic,maize,1,0.244444444,29.27,10.34333333,29.63333333,3
2014,Organic,maize,2,0.466666667,29.27,10.34333333,29.63333333,3
2014,Organic,maize,3,0.444444444,29.27,10.34333333,29.63333333,3
2014,Organic,maize,4,0.288888889,29.27,10.34333333,29.63333333,3
2014,Organic,maize,5,0.355555556,29.27,10.34333333,29.63333333,3
2014,Organic,maize,6,0.288888889,29.27,10.34333333,29.63333333,3
2005,Reduced input,maize,1,0.7,33.38666667,12.87333333,28.69353333,2.5
2005,Reduced input,maize,2,0.285714286,33.51714286,13.56714286,31.3436,2.428571429
2005,Reduced input,maize,3,0.6,33.51714286,13.56714286,31.3436,2.428571429
2005,Reduced input,maize,4,0.4,33.51714286,13.56714286,31.3436,2.428571429
2005,Reduced input,maize,5,0.314285714,33.51714286,13.56714286,31.3436,2.428571429
2005,Reduced input,maize,6,0.3,33.38666667,12.87333333,28.69353333,2.5
2008,Reduced input,maize,1,0.018181818,30.50454545,10.33363636,26.705,2.363636364
2008,Reduced input,maize,2,0,30.50454545,10.33363636,26.705,2.363636364
2008,Reduced input,maize,3,0.072727273,30.50454545,10.33363636,26.705,2.363636364
2008,Reduced input,maize,4,0.054545455,30.50454545,10.33363636,26.705,2.363636364
2008,Reduced input,maize,5,0.018181818,30.50454545,10.33363636,26.705,2.363636364
2008,Reduced input,maize,6,0,30.50454545,10.33363636,26.705,2.363636364
2011,Reduced input,maize,1,4.075,32.34,13.7725,33.42625,2.625
2011,Reduced input,maize,2,1.925,32.34,13.7725,33.42625,2.625
2011,Reduced input,maize,3,3.475,32.34,13.7725,33.42625,2.625
2011,Reduced input,maize,4,2.6,32.34,13.7725,33.42625,2.625
2011,Reduced input,maize,5,3.4,32.34,13.7725,33.42625,2.625
2011,Reduced input,maize,6,2.175,32.34,13.7725,33.42625,2.625
2014,Reduced input,maize,1,0.2,29.15090909,10.29909091,28.77181818,2.909090909
2014,Reduced input,maize,2,0.163636364,29.15090909,10.29909091,28.77181818,2.909090909
2014,Reduced input,maize,3,0.272727273,29.15090909,10.29909091,28.77181818,2.909090909
2014,Reduced input,maize,4,0.145454545,29.15090909,10.29909091,28.77181818,2.909090909
2014,Reduced input,maize,5,0.090909091,29.15090909,10.29909091,28.77181818,2.909090909
2014,Reduced input,maize,6,0.127272727,29.15090909,10.29909091,28.77181818,2.909090909
2004,Poplar trees,poplar,1,0.75,30.29666667,9.24,13.60875556,1.888888889
2004,Poplar trees,poplar,2,1,30.29666667,9.24,13.60875556,1.888888889
2004,Poplar trees,poplar,3,0.761111111,30.29666667,9.24,13.60875556,1.888888889
2004,Poplar trees,poplar,4,0.866666667,30.29666667,9.24,13.60875556,1.888888889
2004,Poplar trees,poplar,5,1.472222222,30.29666667,9.24,13.60875556,1.888888889
2004,Poplar trees,poplar,6,1.644444444,30.29666667,9.24,13.60875556,1.888888889
2005,Poplar trees,poplar,1,0.46,33.989,12.303,23.75408,2.1
2005,Poplar trees,poplar,2,0.94,33.989,12.303,23.75408,2.1
2005,Poplar trees,poplar,3,0.74,33.989,12.303,23.75408,2.1
2005,Poplar trees,poplar,4,0.34,33.989,12.303,23.75408,2.1
2005,Poplar trees,poplar,5,0.36,33.989,12.303,23.75408,2.1
2005,Poplar trees,poplar,6,0.733333333,33.95444444,11.7,21.14408889,2.111111111
2006,Poplar trees,poplar,1,0.4,31.94454545,10.93090909,15.20536364,1.636363636
2006,Poplar trees,poplar,2,0.345454545,31.94454545,10.93090909,15.20536364,1.636363636
2006,Poplar trees,poplar,3,0.490909091,31.94454545,10.93090909,15.20536364,1.636363636
2006,Poplar trees,poplar,4,0.127272727,31.94454545,10.93090909,15.20536364,1.636363636
2006,Poplar trees,poplar,5,0.345454545,31.94454545,10.93090909,15.20536364,1.636363636
2006,Poplar trees,poplar,6,0.436363636,31.94454545,10.93090909,15.20536364,1.636363636
2007,Poplar trees,poplar,1,0.384615385,32.11076923,9.623076923,14.12630769,1.538461538
2007,Poplar trees,poplar,2,0.861538462,32.11076923,9.623076923,14.12630769,1.538461538
2007,Poplar trees,poplar,3,0.923076923,32.11076923,9.623076923,14.12630769,1.538461538
2007,Poplar trees,poplar,4,0.384615385,32.11076923,9.623076923,14.12630769,1.538461538
2007,Poplar trees,poplar,5,0.4,32.11076923,9.623076923,14.12630769,1.538461538
2007,Poplar trees,poplar,6,0.430769231,32.11076923,9.623076923,14.12630769,1.538461538
2008,Poplar trees,poplar,1,0.022222222,31.08666667,10.26888889,32.61166667,2.777777778
2008,Poplar trees,poplar,2,0.088888889,31.08666667,10.26888889,32.61166667,2.777777778
2008,Poplar trees,poplar,3,0.222222222,31.08666667,10.26888889,32.61166667,2.777777778
2008,Poplar trees,poplar,4,0.177777778,31.08666667,10.26888889,32.61166667,2.777777778
2008,Poplar trees,poplar,5,0.155555556,31.08666667,10.26888889,32.61166667,2.777777778
2008,Poplar trees,poplar,6,0.111111111,31.08666667,10.26888889,32.61166667,2.777777778
2009,Poplar trees,poplar,1,0.616666667,29.96,10.73166667,22.965,1.75
2009,Poplar trees,poplar,2,1.916666667,29.96,10.73166667,22.965,1.75
2009,Poplar trees,poplar,3,1.716666667,29.96,10.73166667,22.965,1.75
2009,Poplar trees,poplar,4,0.983333333,29.96,10.73166667,22.965,1.75
2009,Poplar trees,poplar,5,1.1,29.96,10.73166667,22.965,1.75
2009,Poplar trees,poplar,6,1.533333333,29.96,10.73166667,22.965,1.75
2010,Poplar trees,poplar,1,0.430769231,31.44153846,12.25230769,27.99769231,1.846153846
2010,Poplar trees,poplar,2,0.569230769,31.44153846,12.25230769,27.99769231,1.846153846
2010,Poplar trees,poplar,3,0.584615385,31.44153846,12.25230769,27.99769231,1.846153846
2010,Poplar trees,poplar,4,0.353846154,31.44153846,12.25230769,27.99769231,1.846153846
2010,Poplar trees,poplar,5,0.246153846,31.44153846,12.25230769,27.99769231,1.846153846
2010,Poplar trees,poplar,6,0.507692308,31.44153846,12.25230769,27.99769231,1.846153846
2011,Poplar trees,poplar,1,0.35,32.34,13.7725,33.42625,2.625
2011,Poplar trees,poplar,2,0.55,32.34,13.7725,33.42625,2.625
2011,Poplar trees,poplar,3,0.375,32.34,13.7725,33.42625,2.625
2011,Poplar trees,poplar,4,0.2,32.34,13.7725,33.42625,2.625
2011,Poplar trees,poplar,5,0.225,32.34,13.7725,33.42625,2.625
2011,Poplar trees,poplar,6,0.25,32.34,13.7725,33.42625,2.625
2012,Poplar trees,poplar,1,0.053333333,32.806,9.956,11.89733333,2.2
2012,Poplar trees,poplar,2,0.026666667,32.806,9.956,11.89733333,2.2
2012,Poplar trees,poplar,3,0.026666667,32.806,9.956,11.89733333,2.2
2012,Poplar trees,poplar,4,0.053333333,32.806,9.956,11.89733333,2.2
2012,Poplar trees,poplar,5,0.146666667,32.806,9.956,11.89733333,2.2
2012,Poplar trees,poplar,6,0.04,32.806,9.956,11.89733333,2.2
2013,Poplar trees,poplar,1,0.0125,29.405625,9.9425,25.955,2.1875
2013,Poplar trees,poplar,2,0.075,29.405625,9.9425,25.955,2.1875
2013,Poplar trees,poplar,3,0.1125,29.405625,9.9425,25.955,2.1875
2013,Poplar trees,poplar,4,0.0625,29.405625,9.9425,25.955,2.1875
2013,Poplar trees,poplar,5,0.1125,29.405625,9.9425,25.955,2.1875
2013,Poplar trees,poplar,6,0.0375,29.405625,9.9425,25.955,2.1875
2014,Poplar trees,poplar,1,0.107692308,29.19615385,10.20153846,28.25307692,2.923076923
2014,Poplar trees,poplar,2,0.076923077,29.19615385,10.20153846,28.25307692,2.923076923
2014,Poplar trees,poplar,3,0.061538462,29.19615385,10.20153846,28.25307692,2.923076923
2014,Poplar trees,poplar,4,0.184615385,29.19615385,10.20153846,28.25307692,2.923076923
2014,Poplar trees,poplar,5,0.061538462,29.19615385,10.20153846,28.25307692,2.923076923
2014,Poplar trees,poplar,6,0.138461538,29.19615385,10.20153846,28.25307692,2.923076923
2015,Poplar trees,poplar,1,0.366666667,28.99416667,11.90916667,37.41666667,2.25
2015,Poplar trees,poplar,2,0.25,28.99416667,11.90916667,37.41666667,2.25
2015,Poplar trees,poplar,3,0.166666667,28.99416667,11.90916667,37.41666667,2.25
2015,Poplar trees,poplar,4,0.133333333,28.99416667,11.90916667,37.41666667,2.25
2015,Poplar trees,poplar,5,0.266666667,28.99416667,11.90916667,37.41666667,2.25
2015,Poplar trees,poplar,6,0.3,28.99416667,11.90916667,37.41666667,2.25
2004,Successional,SF,1,0.444444444,30.29666667,9.24,13.60875556,1.888888889
2004,Successional,SF,2,0.644444444,30.29666667,9.24,13.60875556,1.888888889
2004,Successional,SF,3,0.511111111,30.29666667,9.24,13.60875556,1.888888889
2005,Successional,SF,1,0.28,33.989,12.303,23.75408,2.1
2005,Successional,SF,2,0.2,33.989,12.303,23.75408,2.1
2005,Successional,SF,3,0.2,33.989,12.303,23.75408,2.1
2006,Successional,SF,1,0.254545455,31.94454545,10.93090909,15.20536364,1.636363636
2006,Successional,SF,2,0.2,31.94454545,10.93090909,15.20536364,1.636363636
2006,Successional,SF,3,0.127272727,31.94454545,10.93090909,15.20536364,1.636363636
2007,Successional,SF,1,0.083333333,32.27,9.719166667,12.81641667,1.416666667
2007,Successional,SF,2,0.416666667,32.27,9.719166667,12.81641667,1.416666667
2007,Successional,SF,3,0.216666667,32.27,9.719166667,12.81641667,1.416666667
2008,Successional,SF,1,0.04,30.674,10.21,29.3505,2.5
2008,Successional,SF,2,0.36,30.674,10.21,29.3505,2.5
2008,Successional,SF,3,0.12,30.674,10.21,29.3505,2.5
2009,Successional,SF,1,0,29.68363636,10.98090909,24.82181818,1.727272727
2009,Successional,SF,2,0.218181818,29.68363636,10.98090909,24.82181818,1.727272727
2009,Successional,SF,3,0.036363636,29.68363636,10.98090909,24.82181818,1.727272727
2010,Successional,SF,1,0.369230769,31.44153846,12.25230769,27.99769231,1.846153846
2010,Successional,SF,2,0.384615385,31.44153846,12.25230769,27.99769231,1.846153846
2010,Successional,SF,3,0.246153846,31.44153846,12.25230769,27.99769231,1.846153846
2011,Successional,SF,1,0.95,32.34,13.7725,33.42625,2.625
2011,Successional,SF,2,1.25,32.34,13.7725,33.42625,2.625
2011,Successional,SF,3,0.625,32.34,13.7725,33.42625,2.625
2012,Successional,SF,1,0.173333333,32.806,9.956,11.89733333,2.2
2012,Successional,SF,2,0.213333333,32.806,9.956,11.89733333,2.2
2012,Successional,SF,3,0.453333333,32.806,9.956,11.89733333,2.2
2013,Successional,SF,1,0.025,29.405625,9.9425,25.955,2.1875
2013,Successional,SF,2,0.2875,29.405625,9.9425,25.955,2.1875
2013,Successional,SF,3,0.3125,29.405625,9.9425,25.955,2.1875
2014,Successional,SF,1,0.05,29.06916667,10.34,28.44833333,2.833333333
2014,Successional,SF,2,0.016666667,29.06916667,10.34,28.44833333,2.833333333
2014,Successional,SF,3,0.066666667,29.06916667,10.34,28.44833333,2.833333333
2015,Successional,SF,1,0.116666667,28.99416667,11.90916667,37.41666667,2.25
2015,Successional,SF,2,0.1,28.99416667,11.90916667,37.41666667,2.25
2015,Successional,SF,3,0.216666667,28.99416667,11.90916667,37.41666667,2.25
2006,Conventional,soybeans,1,0.2,32.34125,11.84625,15.827375,1.75
2006,Conventional,soybeans,2,0.58125,32.34125,11.84625,15.827375,1.75
2006,Conventional,soybeans,3,1.125,32.34125,11.84625,15.827375,1.75
2006,Conventional,soybeans,4,0.55,32.34125,11.84625,15.827375,1.75
2006,Conventional,soybeans,5,0.625,32.34125,11.84625,15.827375,1.75
2006,Conventional,soybeans,6,0.7,32.34125,11.84625,15.827375,1.75
2009,Conventional,soybeans,1,0.266666667,29.96,10.73166667,22.965,1.75
2009,Conventional,soybeans,2,0.466666667,29.96,10.73166667,22.965,1.75
2009,Conventional,soybeans,3,1.783333333,29.96,10.73166667,22.965,1.75
2009,Conventional,soybeans,4,0.4,29.96,10.73166667,22.965,1.75
2009,Conventional,soybeans,5,0.366666667,29.96,10.73166667,22.965,1.75
2009,Conventional,soybeans,6,0.433333333,29.96,10.73166667,22.965,1.75
2012,Conventional,soybeans,1,0.293333333,33.024,10.32,9.442,2.133333333
2012,Conventional,soybeans,2,0.186666667,33.024,10.32,9.442,2.133333333
2012,Conventional,soybeans,3,0.133333333,33.024,10.32,9.442,2.133333333
2012,Conventional,soybeans,4,0.186666667,33.024,10.32,9.442,2.133333333
2012,Conventional,soybeans,5,0.293333333,33.024,10.32,9.442,2.133333333
2012,Conventional,soybeans,6,0.093333333,33.024,10.32,9.442,2.133333333
2015,Conventional,soybeans,1,0.8,28.99416667,11.90916667,37.41666667,2.25
2015,Conventional,soybeans,2,0.7,28.99416667,11.90916667,37.41666667,2.25
2015,Conventional,soybeans,3,0.9,28.99416667,11.90916667,37.41666667,2.25
2015,Conventional,soybeans,4,0.783333333,28.99416667,11.90916667,37.41666667,2.25
2015,Conventional,soybeans,5,0.85,28.99416667,11.90916667,37.41666667,2.25
2015,Conventional,soybeans,6,0.866666667,28.99416667,11.90916667,37.41666667,2.25
2006,No till,soybeans,1,3.92,33.268,11.982,20.3454,2.2
2006,No till,soybeans,2,2.72,33.268,11.982,20.3454,2.2
2006,No till,soybeans,3,2.57,33.268,11.982,20.3454,2.2
2006,No till,soybeans,4,2.92,33.268,11.982,20.3454,2.2
2006,No till,soybeans,5,2.44,33.268,11.982,20.3454,2.2
2006,No till,soybeans,6,4.96,33.268,11.982,20.3454,2.2
2009,No till,soybeans,1,1.2,29.96,10.73166667,22.965,1.75
2009,No till,soybeans,2,0.916666667,29.96,10.73166667,22.965,1.75
2009,No till,soybeans,3,2.266666667,29.96,10.73166667,22.965,1.75
2009,No till,soybeans,4,1.7,29.96,10.73166667,22.965,1.75
2009,No till,soybeans,5,0.766666667,29.96,10.73166667,22.965,1.75
2009,No till,soybeans,6,1.533333333,29.96,10.73166667,22.965,1.75
2012,No till,soybeans,1,0.506666667,33.024,10.32,9.442,2.133333333
2012,No till,soybeans,2,1.146666667,33.024,10.32,9.442,2.133333333
2012,No till,soybeans,3,0.653333333,33.024,10.32,9.442,2.133333333
2012,No till,soybeans,4,0.92,33.024,10.32,9.442,2.133333333
2012,No till,soybeans,5,0.933333333,33.024,10.32,9.442,2.133333333
2012,No till,soybeans,6,0.586666667,33.024,10.32,9.442,2.133333333
2015,No till,soybeans,1,1.3,28.99416667,11.90916667,37.41666667,2.25
2015,No till,soybeans,2,1.3,28.99416667,11.90916667,37.41666667,2.25
2015,No till,soybeans,3,1.6,28.99416667,11.90916667,37.41666667,2.25
2015,No till,soybeans,4,0.95,28.99416667,11.90916667,37.41666667,2.25
2015,No till,soybeans,5,0.783333333,28.99416667,11.90916667,37.41666667,2.25
2015,No till,soybeans,6,2.416666667,28.99416667,11.90916667,37.41666667,2.25
2006,Organic,soybeans,1,0.9,32.0075,11.085,16.35125,1.75
2006,Organic,soybeans,2,0.5,32.0075,11.085,16.35125,1.75
2006,Organic,soybeans,3,0.25,32.0075,11.085,16.35125,1.75
2006,Organic,soybeans,4,0.2,32.0075,11.085,16.35125,1.75
2006,Organic,soybeans,5,0.325,32.0075,11.085,16.35125,1.75
2006,Organic,soybeans,6,0.3,32.0075,11.085,16.35125,1.75
2009,Organic,soybeans,1,0.416666667,29.96,10.73166667,22.965,1.75
2009,Organic,soybeans,2,0.15,29.96,10.73166667,22.965,1.75
2009,Organic,soybeans,3,0.3,29.96,10.73166667,22.965,1.75
2009,Organic,soybeans,4,0.333333333,29.96,10.73166667,22.965,1.75
2009,Organic,soybeans,5,0.183333333,29.96,10.73166667,22.965,1.75
2009,Organic,soybeans,6,0.216666667,29.96,10.73166667,22.965,1.75
2012,Organic,soybeans,1,0,31.28555556,8.986666667,15.99,2.777777778
2012,Organic,soybeans,2,0,31.28555556,8.986666667,15.99,2.777777778
2012,Organic,soybeans,3,0.044444444,31.28555556,8.986666667,15.99,2.777777778
2012,Organic,soybeans,4,0,31.28555556,8.986666667,15.99,2.777777778
2012,Organic,soybeans,5,0.044444444,31.28555556,8.986666667,15.99,2.777777778
2012,Organic,soybeans,6,0.044444444,31.28555556,8.986666667,15.99,2.777777778
2015,Organic,soybeans,1,1.833333333,28.99416667,11.90916667,37.41666667,2.25
2015,Organic,soybeans,2,1.316666667,28.99416667,11.90916667,37.41666667,2.25
2015,Organic,soybeans,3,1.483333333,28.99416667,11.90916667,37.41666667,2.25
2015,Organic,soybeans,4,1.533333333,28.99416667,11.90916667,37.41666667,2.25
2015,Organic,soybeans,5,1.1,28.99416667,11.90916667,37.41666667,2.25
2015,Organic,soybeans,6,1.033333333,28.99416667,11.90916667,37.41666667,2.25
2006,Reduced input,soybeans,1,0.7,32.0075,11.085,16.35125,1.75
2006,Reduced input,soybeans,2,0.25,32.0075,11.085,16.35125,1.75
2006,Reduced input,soybeans,3,0.2,32.0075,11.085,16.35125,1.75
2006,Reduced input,soybeans,4,0.9,32.0075,11.085,16.35125,1.75
2006,Reduced input,soybeans,5,0.5,32.0075,11.085,16.35125,1.75
2006,Reduced input,soybeans,6,0.55,32.0075,11.085,16.35125,1.75
2009,Reduced input,soybeans,1,0.616666667,29.96,10.73166667,22.965,1.75
2009,Reduced input,soybeans,2,0.483333333,29.96,10.73166667,22.965,1.75
2009,Reduced input,soybeans,3,0.733333333,29.96,10.73166667,22.965,1.75
2009,Reduced input,soybeans,4,0.55,29.96,10.73166667,22.965,1.75
2009,Reduced input,soybeans,5,0.4,29.96,10.73166667,22.965,1.75
2009,Reduced input,soybeans,6,1.783333333,29.96,10.73166667,22.965,1.75
2012,Reduced input,soybeans,1,0.266666667,33.024,10.32,9.442,2.133333333
2012,Reduced input,soybeans,2,0.573333333,33.024,10.32,9.442,2.133333333
2012,Reduced input,soybeans,3,0.16,33.024,10.32,9.442,2.133333333
2012,Reduced input,soybeans,4,1,33.024,10.32,9.442,2.133333333
2012,Reduced input,soybeans,5,0.173333333,33.024,10.32,9.442,2.133333333
2012,Reduced input,soybeans,6,0.093333333,33.024,10.32,9.442,2.133333333
2015,Reduced input,soybeans,1,1.2,28.99416667,11.90916667,37.41666667,2.25
2015,Reduced input,soybeans,2,1.333333333,28.99416667,11.90916667,37.41666667,2.25
2015,Reduced input,soybeans,3,0.85,28.99416667,11.90916667,37.41666667,2.25
2015,Reduced input,soybeans,4,1.733333333,28.99416667,11.90916667,37.41666667,2.25
2015,Reduced input,soybeans,5,1.766666667,28.99416667,11.90916667,37.41666667,2.25
2015,Reduced input,soybeans,6,1.6,28.99416667,11.90916667,37.41666667,2.25
2008,Alfalfa,wheat,1,0.025,30.73375,10.8425,35.480625,2.625
2008,Alfalfa,wheat,2,0,30.73375,10.8425,35.480625,2.625
2008,Alfalfa,wheat,3,0.05,30.73375,10.8425,35.480625,2.625
2008,Alfalfa,wheat,4,0.075,30.73375,10.8425,35.480625,2.625
2008,Alfalfa,wheat,5,0,30.73375,10.8425,35.480625,2.625
2008,Alfalfa,wheat,6,0,30.73375,10.8425,35.480625,2.625
2004,Conventional,wheat,1,0.56,29.34,8.642,13.78712,1.4
2004,Conventional,wheat,2,0.16,29.34,8.642,13.78712,1.4
2004,Conventional,wheat,3,0.546666667,29.34,8.642,13.78712,1.4
2004,Conventional,wheat,4,0.2,29.34,8.642,13.78712,1.4
2004,Conventional,wheat,5,0.32,29.34,8.642,13.78712,1.4
2004,Conventional,wheat,6,0.33,29.34,8.642,13.78712,1.4
2007,Conventional,wheat,1,0.22,31.887,6.96,10.9982,1.4
2007,Conventional,wheat,2,0.28,31.887,6.96,10.9982,1.4
2007,Conventional,wheat,3,0.5,31.887,6.96,10.9982,1.4
2007,Conventional,wheat,4,0.18,31.887,6.96,10.9982,1.4
2007,Conventional,wheat,5,0.18,31.887,6.96,10.9982,1.4
2007,Conventional,wheat,6,0.06,31.887,6.96,10.9982,1.4
2010,Conventional,wheat,1,0.333333333,31.35,10.91555556,24.41111111,1.666666667
2010,Conventional,wheat,2,1.525,31.23375,10.20625,24.76375,1.625
2010,Conventional,wheat,3,2.1,31.23375,10.20625,24.76375,1.625
2010,Conventional,wheat,4,0.75,31.23375,10.20625,24.76375,1.625
2010,Conventional,wheat,5,0.475,31.23375,10.20625,24.76375,1.625
2010,Conventional,wheat,6,1,31.23375,10.20625,24.76375,1.625
2013,Conventional,wheat,1,0.244444444,30.01222222,9.845555556,30.14,2.555555556
2013,Conventional,wheat,2,0.222222222,30.01222222,9.845555556,30.14,2.555555556
2013,Conventional,wheat,3,0.177777778,30.01222222,9.845555556,30.14,2.555555556
2013,Conventional,wheat,4,0.377777778,30.01222222,9.845555556,30.14,2.555555556
2013,Conventional,wheat,5,0.133333333,30.01222222,9.845555556,30.14,2.555555556
2013,Conventional,wheat,6,0.222222222,30.01222222,9.845555556,30.14,2.555555556
2004,No till,wheat,1,0.28,29.34,8.642,13.78712,1.4
2004,No till,wheat,2,0.49,29.34,8.642,13.78712,1.4
2004,No till,wheat,3,0.62,29.34,8.642,13.78712,1.4
2004,No till,wheat,4,0.493333333,29.34,8.642,13.78712,1.4
2004,No till,wheat,5,0.67,29.34,8.642,13.78712,1.4
2004,No till,wheat,6,0.58,29.34,8.642,13.78712,1.4
2007,No till,wheat,1,0.22,31.887,6.96,10.9982,1.4
2007,No till,wheat,2,0.12,31.887,6.96,10.9982,1.4
2007,No till,wheat,3,0.225,31.887,6.96,10.9982,1.4
2007,No till,wheat,4,0.36,31.887,6.96,10.9982,1.4
2007,No till,wheat,5,0.1,31.887,6.96,10.9982,1.4
2007,No till,wheat,6,0.1,31.887,6.96,10.9982,1.4
2010,No till,wheat,1,1.95,31.23375,10.20625,24.76375,1.625
2010,No till,wheat,2,1.375,31.23375,10.20625,24.76375,1.625
2010,No till,wheat,3,2.35,31.23375,10.20625,24.76375,1.625
2010,No till,wheat,4,1.225,31.23375,10.20625,24.76375,1.625
2010,No till,wheat,5,1.475,31.23375,10.20625,24.76375,1.625
2010,No till,wheat,6,2.4,31.23375,10.20625,24.76375,1.625
2013,No till,wheat,1,0.575,29.95,10.765,28.3825,2.375
2013,No till,wheat,2,0.225,29.95,10.765,28.3825,2.375
2013,No till,wheat,3,0.4,29.95,10.765,28.3825,2.375
2013,No till,wheat,4,0.4,29.95,10.765,28.3825,2.375
2013,No till,wheat,5,0.275,29.95,10.765,28.3825,2.375
2013,No till,wheat,6,0.6,29.95,10.765,28.3825,2.375
2004,Organic,wheat,1,1.12,29.34,8.642,13.78712,1.4
2004,Organic,wheat,2,0.48,29.34,8.642,13.78712,1.4
2004,Organic,wheat,3,0.44,29.34,8.642,13.78712,1.4
2004,Organic,wheat,4,0.346666667,29.34,8.642,13.78712,1.4
2004,Organic,wheat,5,0.9,29.34,8.642,13.78712,1.4
2004,Organic,wheat,6,0.44,29.34,8.642,13.78712,1.4
2007,Organic,wheat,1,0.15,32.59375,8.395,9.540875,1.25
2007,Organic,wheat,2,0.325,32.59375,8.395,9.540875,1.25
2007,Organic,wheat,3,0.2,32.59375,8.395,9.540875,1.25
2007,Organic,wheat,4,0.225,32.59375,8.395,9.540875,1.25
2007,Organic,wheat,5,0.275,32.59375,8.395,9.540875,1.25
2007,Organic,wheat,6,0.075,32.59375,8.395,9.540875,1.25
2010,Organic,wheat,1,0.525,31.23375,10.20625,24.76375,1.625
2010,Organic,wheat,2,0.375,31.23375,10.20625,24.76375,1.625
2010,Organic,wheat,3,0.6,31.23375,10.20625,24.76375,1.625
2010,Organic,wheat,4,0.65,31.23375,10.20625,24.76375,1.625
2010,Organic,wheat,5,0.225,31.23375,10.20625,24.76375,1.625
2010,Organic,wheat,6,0.725,31.23375,10.20625,24.76375,1.625
2013,Organic,wheat,1,0.755555556,30.01222222,9.845555556,30.14,2.555555556
2013,Organic,wheat,2,0.511111111,30.01222222,9.845555556,30.14,2.555555556
2013,Organic,wheat,3,0.822222222,30.01222222,9.845555556,30.14,2.555555556
2013,Organic,wheat,4,1.066666667,30.01222222,9.845555556,30.14,2.555555556
2013,Organic,wheat,5,0.933333333,30.01222222,9.845555556,30.14,2.555555556
2013,Organic,wheat,6,0.355555556,30.01222222,9.845555556,30.14,2.555555556
2004,Reduced input,wheat,1,0.62,29.34,8.642,13.78712,1.4
2004,Reduced input,wheat,2,0.61,29.34,8.642,13.78712,1.4
2004,Reduced input,wheat,3,0.64,29.34,8.642,13.78712,1.4
2004,Reduced input,wheat,4,0.55,29.34,8.642,13.78712,1.4
2004,Reduced input,wheat,5,0.5,29.34,8.642,13.78712,1.4
2004,Reduced input,wheat,6,0.92,29.34,8.642,13.78712,1.4
2007,Reduced input,wheat,1,0.125,32.59375,8.395,9.540875,1.25
2007,Reduced input,wheat,2,0.15,32.59375,8.395,9.540875,1.25
2007,Reduced input,wheat,3,0.18125,32.59375,8.395,9.540875,1.25
2007,Reduced input,wheat,4,0.225,32.59375,8.395,9.540875,1.25
2007,Reduced input,wheat,5,0.4,32.59375,8.395,9.540875,1.25
2007,Reduced input,wheat,6,0.65,32.59375,8.395,9.540875,1.25
2010,Reduced input,wheat,1,0.825,31.23375,10.20625,24.76375,1.625
2010,Reduced input,wheat,2,0.675,31.23375,10.20625,24.76375,1.625
2010,Reduced input,wheat,3,0.975,31.23375,10.20625,24.76375,1.625
2010,Reduced input,wheat,4,0.725,31.23375,10.20625,24.76375,1.625
2010,Reduced input,wheat,5,1.075,31.23375,10.20625,24.76375,1.625
2010,Reduced input,wheat,6,2.775,31.23375,10.20625,24.76375,1.625
2013,Reduced input,wheat,1,0.288888889,30.01222222,9.845555556,30.14,2.555555556
2013,Reduced input,wheat,2,0.288888889,30.01222222,9.845555556,30.14,2.555555556
2013,Reduced input,wheat,3,0.2,30.01222222,9.845555556,30.14,2.555555556
2013,Reduced input,wheat,4,0.311111111,30.01222222,9.845555556,30.14,2.555555556
2013,Reduced input,wheat,5,0.2,30.01222222,9.845555556,30.14,2.555555556
2013,Reduced input,wheat,6,0.177777778,30.01222222,9.845555556,30.14,2.555555556